SET
client_encoding TO 'UTF8';
-- ================================================================
--  TICKITZ — COMPLETE SEED v4.0
--  Generated  : 2026-06-13
--  Film       : 198 film dari TMDB (2025–2026, poster URL lengkap)
--  Lainnya    : locations, users, cinemas, seats, showtimes,
--               bookings, transactions — dari seeding asli
-- ================================================================
--
--  CARA PAKAI:
--  1. Jalankan table.sql terlebih dahulu
--  2. Jalankan file ini: psql -d your_db -f tickitz_seed_complete.sql
--
-- ================================================================


-- ============================================================
-- 1. LOCATIONS (12 kota)
-- ============================================================
INSERT INTO locations (id, city)
VALUES (1, 'Jakarta'),
       (2, 'Surabaya'),
       (3, 'Bandung'),
       (4, 'Medan'),
       (5, 'Semarang'),
       (6, 'Makassar'),
       (7, 'Palembang'),
       (8, 'Denpasar'),
       (9, 'Yogyakarta'),
       (10, 'Malang'),
       (11, 'Purwokerto'),
       (12, 'Bekasi');

-- ============================================================
-- 2. PAYMENT METHODS
-- ============================================================
INSERT INTO payment_methods (id, logo, name)
VALUES (1, '/img/pm/gopay.webp', 'GoPay'),
       (2, '/img/pm/ovo.webp', 'OVO'),
       (3, '/img/pm/dana.webp', 'DANA'),
       (4, '/img/pm/bca.webp', 'Transfer BCA'),
       (5, '/img/pm/bri.webp', 'Transfer BRI'),
       (6, '/img/pm/paypal.webp', 'Paypal'),
       (7, '/img/pm/visa.webp', 'Kartu Kredit'),
       (8, '/img/pm/gplay.webp', 'Google Play');

-- ============================================================
-- 3. GENRES (20 genre dari TMDB)
-- ============================================================
INSERT INTO genres (id, genre)
VALUES (1, 'Action'),
       (2, 'Comedy'),
       (3, 'Drama'),
       (4, 'Horror'),
       (5, 'Romance'),
       (6, 'Sci-Fi'),
       (7, 'Thriller'),
       (8, 'Animation'),
       (9, 'Adventure'),
       (10, 'Fantasy'),
       (11, 'Crime'),
       (12, 'Documentary'),
       (13, 'History'),
       (14, 'Western'),
       (15, 'Science Fiction'),
       (16, 'Mystery'),
       (17, 'Music'),
       (18, 'Family'),
       (19, 'War'),
       (20, 'TV Movie') ON CONFLICT (id) DO
UPDATE SET genre = EXCLUDED.genre;

-- ============================================================
-- 4. DIRECTORS (201 orang dari TMDB)
-- ============================================================
INSERT INTO directors (id, name)
VALUES (1, 'Curry Barker'),
       (2, 'Buchi Babu Sana'),
       (3, 'David Dhawan'),
       (4, 'Antoine Fuqua'),
       (5, 'Simon McQuoid'),
       (6, 'RJ Balaji'),
       (7, 'Jon Favreau'),
       (8, 'Aaron Horvath'),
       (9, 'Michael Jelenic'),
       (10, 'Steven Spielberg'),
       (11, 'Travis Knight'),
       (12, 'Lee Cronin'),
       (13, 'Prem'),
       (14, 'Mikhail Vaynberg'),
       (15, 'Ol Parker'),
       (16, 'Anurag Kashyap'),
       (17, 'Guy Ritchie'),
       (18, 'Reinaldo Marcus Green'),
       (19, 'Nathan Greno'),
       (20, 'Phil Lord'),
       (21, 'Christopher Miller'),
       (22, 'Suresh Triveni'),
       (23, 'Aditya Dhar'),
       (24, 'Vignesh Raja'),
       (25, 'Andrew Bernstein'),
       (26, 'Kane Parsons'),
       (27, 'Damian McCarthy'),
       (28, 'Priyadarshan'),
       (29, 'Daniel Chong'),
       (30, 'Sandra Sciberras'),
       (31, 'Kenji Tanigaki'),
       (32, 'Michael Tiddes'),
       (33, 'Jonathan Zuck'),
       (34, 'Jorma Taccone'),
       (35, 'Adrian Panek'),
       (36, 'James Mark'),
       (37, 'Baltasar Kormákur'),
       (38, 'Tyree Dillihay'),
       (39, 'Shaneil Deo'),
       (40, 'Andrew Stanton'),
       (41, 'Ric Roman Waugh'),
       (42, 'Martin Joseph'),
       (43, 'Gabe Ibáñez'),
       (44, 'Kristoffer Borgli'),
       (45, 'Tyler Atkins'),
       (46, 'Mark Fischbach'),
       (47, 'Kevin Williamson'),
       (48, 'Gabriel Ripstein'),
       (49, 'Rodrigo Valdes'),
       (50, 'Mahesh Narayanan'),
       (51, 'Toa Stappard'),
       (52, 'L. Pranava Swaroop'),
       (53, 'Trevor Calverley'),
       (54, 'Yuen Woo-Ping'),
       (55, 'Rodante Pajemna Jr.'),
       (56, 'Taweewat Wantha'),
       (57, 'Pravin Tarde'),
       (58, 'Pål Øie'),
       (59, 'Sam Raimi'),
       (60, 'Patrick Hughes'),
       (61, 'Bart Layton'),
       (62, 'Matt Bettinelli-Olpin'),
       (63, 'Tyler Gillett'),
       (64, 'Subash K Raj'),
       (65, 'Topel Lee'),
       (66, 'David Frankel'),
       (67, 'Destin Daniel Cretton'),
       (68, 'Mudassar Aziz'),
       (69, 'Kirill Sokolov'),
       (70, 'Yeon Sang-ho'),
       (71, 'Erdem Tepegöz'),
       (72, 'Vivek Soni'),
       (73, 'Olivia Newman'),
       (74, 'Christopher Novabos'),
       (75, 'Christopher Nolan'),
       (76, 'Yohei Kameyama'),
       (77, 'Vikram Bhatt'),
       (78, 'Ihtzi Hurtado'),
       (79, 'Paul George'),
       (80, 'Rathna Kumar'),
       (81, 'Craig Gillespie'),
       (82, 'Ángel Manuel Soto'),
       (83, 'Kyle Balda'),
       (84, 'Jonathan Sobol'),
       (85, 'Nia DaCosta'),
       (86, 'Justin Chadwick'),
       (87, 'Thea Sharrock'),
       (88, 'Adil El Arbi'),
       (89, 'Bilall Fallah'),
       (90, 'Joe Carnahan'),
       (91, 'Jacob Schwarz'),
       (92, 'Peter Farrelly'),
       (93, 'Jeremiah Kipp'),
       (94, 'Tom Harper'),
       (95, 'Pulkit'),
       (96, 'J. Xavier Velasco'),
       (97, 'Christophe Gans'),
       (98, 'Emerald Fennell'),
       (99, 'Ricard Cussó'),
       (100, 'Adrian Grünberg'),
       (101, 'Riteish Deshmukh'),
       (102, 'Vicky Jewson'),
       (103, 'BenDavid Grabinski'),
       (104, 'André Øvredal'),
       (105, 'Jeethu Joseph'),
       (106, 'Daniel Roher'),
       (107, 'David Mackenzie'),
       (108, 'Timur Bekmambetov'),
       (109, 'Anurag Singh'),
       (110, 'Roger Kumble'),
       (111, 'Francesco Lucente'),
       (112, 'Pierre Coffin'),
       (113, 'Savin Sa'),
       (114, 'Gore Verbinski'),
       (115, 'Thomas Kail'),
       (116, 'Manikandan Ramalingam'),
       (117, 'Lawrence Fajardo'),
       (118, 'Corin Hardy'),
       (119, 'Prashant Jha'),
       (120, 'Renny Harlin'),
       (121, 'Tommy Wirkola'),
       (122, 'John Travolta'),
       (123, 'Isaac Florentine'),
       (124, 'Ben Wheatley'),
       (125, 'Adam Sherman'),
       (126, 'Maggie Gyllenhaal'),
       (127, 'Cheng Siyi'),
       (128, 'Vanessa Caswill'),
       (129, 'Fernán Mirás'),
       (130, 'John Patton Ford'),
       (131, 'Bhanbhassa Dhubthien'),
       (132, 'Krisda Witthayakhajorndet'),
       (133, 'Ryoo Seung-wan'),
       (134, 'James Bamford'),
       (135, 'Bejoy Nambiar'),
       (136, 'Philippe Lacheau'),
       (137, 'Will Wernick'),
       (138, 'David Robert Mitchell'),
       (139, 'Tanim Noor'),
       (140, 'Aleshea Harris'),
       (141, 'Eli Roth'),
       (142, 'Anthony Maras'),
       (143, 'Hadrah Daeng Ratu'),
       (144, 'Amarjit Singh Saron'),
       (145, 'Ashwiny Iyer Tiwari'),
       (146, 'Daniel Goldhaber'),
       (147, 'Eric Appel'),
       (148, 'Chandler Levack'),
       (149, 'Abhiraj Minawala'),
       (150, 'Vadim Perelman'),
       (151, 'Jan Komasa'),
       (152, 'Mourad Winter'),
       (153, 'Manvir Brar'),
       (154, 'Joey So'),
       (155, 'Jamie Whitney'),
       (156, 'Kuldeep Kunal'),
       (157, 'Tetsuo Yajima'),
       (158, 'Johannes Roberts'),
       (159, 'Chang Hang-jun'),
       (160, 'Jonny Campbell'),
       (161, 'Hardik Gajjar'),
       (162, 'Joko Anwar'),
       (163, 'Jesse V. Johnson'),
       (164, 'John Carney'),
       (165, 'Jithu Satheesan Mangalathu'),
       (166, 'Gustavo Hernández'),
       (167, 'Ian Tuason'),
       (168, 'Jon Keeyes'),
       (169, 'Brandon Christensen'),
       (170, 'David Lowery'),
       (171, 'Alex Yazbek'),
       (172, 'Amy Wang'),
       (173, 'Takahiro Hasui'),
       (174, 'Olivier Assayas'),
       (175, 'Elliot Tuttle'),
       (176, 'Michael Spierig'),
       (177, 'Peter Spierig'),
       (178, 'Jonah Hill'),
       (179, 'Rupert Wyatt'),
       (180, 'Gareth Johnson'),
       (181, 'Sid T. Pascua'),
       (182, 'Harish Shankar'),
       (183, 'Dani de la Torre'),
       (184, 'Na Hong-jin'),
       (185, 'Sébastien Vaniček'),
       (186, 'Savio Sandhhu'),
       (187, 'Zak Hilditch'),
       (188, 'Sidharta Tata'),
       (189, 'Jessica Dimmock'),
       (190, 'Lucy Bowden'),
       (191, 'Mehedi Hasan Hridoy'),
       (192, 'Michael Sarnoski'),
       (193, 'Ravi Udyawar'),
       (194, 'Vivek Daschaudary'),
       (195, 'Marc Klasfeld'),
       (196, 'Sriram Raghavan') ON CONFLICT (id) DO NOTHING;

-- ============================================================
-- 5. CASTS (923 orang dari TMDB)
-- ============================================================
INSERT INTO casts (id, name)
VALUES (1, 'Michael Johnston'),
       (2, 'Inde Navarrette'),
       (3, 'Cooper Tomlinson'),
       (4, 'Megan Lawless'),
       (5, 'Andy Richter'),
       (6, 'Ram Charan'),
       (7, 'Janhvi Kapoor'),
       (8, 'Shiva Rajkumar'),
       (9, 'Jagapati Babu'),
       (10, 'Divyendu Sharma'),
       (11, 'Varun Dhawan'),
       (12, 'Mrunal Thakur'),
       (13, 'Pooja Hegde'),
       (14, 'Maniesh Paul'),
       (15, 'Chunky Panday'),
       (16, 'Jaafar Jackson'),
       (17, 'Colman Domingo'),
       (18, 'Nia Long'),
       (19, 'Juliano Krue Valdi'),
       (20, 'Miles Teller'),
       (21, 'Karl Urban'),
       (22, 'Adeline Rudolph'),
       (23, 'Jessica McNamee'),
       (24, 'Josh Lawson'),
       (25, 'Martyn Ford'),
       (26, 'Suriya'),
       (27, 'Trisha Krishnan'),
       (28, 'RJ Balaji'),
       (29, 'Indrans'),
       (30, 'Anagha Maya Ravi'),
       (31, 'Pedro Pascal'),
       (32, 'Jeremy Allen White'),
       (33, 'Sigourney Weaver'),
       (34, 'Brendan Wayne'),
       (35, 'Lateef Crowder'),
       (36, 'Chris Pratt'),
       (37, 'Anya Taylor-Joy'),
       (38, 'Charlie Day'),
       (39, 'Jack Black'),
       (40, 'Donald Glover'),
       (41, 'Emily Blunt'),
       (42, 'Josh O''Connor'),
       (43, 'Colin Firth'),
       (44, 'Eve Hewson'),
       (45, 'Nicholas Galitzine'),
       (46, 'Camila Mendes'),
       (47, 'Idris Elba'),
       (48, 'Jared Leto'),
       (49, 'Alison Brie'),
       (50, 'Jack Reynor'),
       (51, 'Laia Costa'),
       (52, 'May Calamawy'),
       (53, 'Natalie Grace'),
       (54, 'Shylo Molina'),
       (55, 'Dhruva Sarja'),
       (56, 'Shilpa Shetty Kundra'),
       (57, 'Sanjay Dutt'),
       (58, 'Reeshma Nanaiah'),
       (59, 'V. Ravichandran'),
       (60, 'Daniel Vegas'),
       (61, 'Veronika Zhuravleva'),
       (62, 'Ivan Trushin'),
       (63, 'Maksim Saprykin'),
       (64, 'Alya Mayer'),
       (65, 'Jennifer Lopez'),
       (66, 'Brett Goldstein'),
       (67, 'Betty Gilpin'),
       (68, 'Edward James Olmos'),
       (69, 'Bradley Whitford'),
       (70, 'Bobby Deol'),
       (71, 'Sanya Malhotra'),
       (72, 'Saba Azad'),
       (73, 'Sapna Pabbi'),
       (74, 'Jitendra Joshi'),
       (75, 'Henry Cavill'),
       (76, 'Jake Gyllenhaal'),
       (77, 'Eiza González'),
       (78, 'Carlos Bardem'),
       (79, 'Michael Vu'),
       (80, 'Jon Bernthal'),
       (81, 'Deborah Ann Woll'),
       (82, 'Jason R. Moore'),
       (83, 'Judith Light'),
       (84, 'Kelli Barrett'),
       (85, 'Michael B. Jordan'),
       (86, 'Juno Temple'),
       (87, 'Tracy Morgan'),
       (88, 'Cedric the Entertainer'),
       (89, 'Justina Machado'),
       (90, 'Ryan Gosling'),
       (91, 'Sandra Hüller'),
       (92, 'James Ortiz'),
       (93, 'Lionel Boyce'),
       (94, 'Milana Vayntrub'),
       (95, 'Madhuri Dixit'),
       (96, 'Triptii Dimri'),
       (97, 'Dharna Durga'),
       (98, 'Ravi Kishan'),
       (99, 'Jatin Sarna'),
       (100, 'Ranveer Singh'),
       (101, 'Arjun Rampal'),
       (102, 'R. Madhavan'),
       (103, 'Sara Arjun'),
       (104, 'Dhanush'),
       (105, 'Mamitha Baiju'),
       (106, 'K. S. Ravikumar'),
       (107, 'Suraj Venjaramoodu'),
       (108, 'Karunas'),
       (109, 'John Krasinski'),
       (110, 'Wendell Pierce'),
       (111, 'Sienna Miller'),
       (112, 'Michael Kelly'),
       (113, 'Max Beesley'),
       (114, 'Chiwetel Ejiofor'),
       (115, 'Renate Reinsve'),
       (116, 'Mark Duplass'),
       (117, 'Finn Bennett'),
       (118, 'Lukita Maxwell'),
       (119, 'Adam Scott'),
       (120, 'Peter Coonan'),
       (121, 'David Wilmot'),
       (122, 'Florence Ordesh'),
       (123, 'Will O''Connell'),
       (124, 'Akshay Kumar'),
       (125, 'Wamiqa Gabbi'),
       (126, 'Paresh Rawal'),
       (127, 'Tabu'),
       (128, 'Jisshu Sengupta'),
       (129, 'Piper Curda'),
       (130, 'Bobby Moynihan'),
       (131, 'Jon Hamm'),
       (132, 'Kathy Najimy'),
       (133, 'Dave Franco'),
       (134, 'Radha Mitchell'),
       (135, 'Tim Roth'),
       (136, 'Annabel Wolfe'),
       (137, 'Ioan Gruffudd'),
       (138, 'Ryan Kwanten'),
       (139, 'Xie Miao'),
       (140, 'Joe Taslim'),
       (141, 'Yang Enyou'),
       (142, 'Yayan Ruhian'),
       (143, 'JeeJa Yanin'),
       (144, 'Marlon Wayans'),
       (145, 'Shawn Wayans'),
       (146, 'Anna Faris'),
       (147, 'Regina Hall'),
       (148, 'Damon Wayans Jr.'),
       (149, 'Alice Eve'),
       (150, 'Eric Michael Cole'),
       (151, 'Jim Klock'),
       (152, 'Elle Haymond'),
       (153, 'Sarah Siadat'),
       (154, 'Samara Weaving'),
       (155, 'Jason Segel'),
       (156, 'Timothy Olyphant'),
       (157, 'Juliette Lewis'),
       (158, 'Keith Jardine'),
       (159, 'Jakub Gierszał'),
       (160, 'Marianna Zydek'),
       (161, 'Andrzej Chyra'),
       (162, 'Beata Ścibakówna'),
       (163, 'Adam Bobik'),
       (164, 'Orphée Ladouceur-Nguyen'),
       (165, 'Alain Moussi'),
       (166, 'Tim Rozon'),
       (167, 'Finn McCager Higgins'),
       (168, 'Lisa Berry'),
       (169, 'Charlize Theron'),
       (170, 'Taron Egerton'),
       (171, 'Eric Bana'),
       (172, 'Caitlin Stasey'),
       (173, 'Bessie Holland'),
       (174, 'Caleb McLaughlin'),
       (175, 'Gabrielle Union'),
       (176, 'Stephen Curry'),
       (177, 'Aaron Pierre'),
       (178, 'Nicola Coughlan'),
       (179, 'Adivi Sesh'),
       (180, 'Anurag Kashyap'),
       (181, 'Prakash Raj'),
       (182, 'Sunil Varma'),
       (183, 'Tom Hanks'),
       (184, 'Tim Allen'),
       (185, 'Joan Cusack'),
       (186, 'Greta Lee'),
       (187, 'Conan O''Brien'),
       (188, 'Jason Statham'),
       (189, 'Bodhi Rae Breathnach'),
       (190, 'Naomi Ackie'),
       (191, 'Daniel Mays'),
       (192, 'Harriet Walter'),
       (193, 'Shane Nigam'),
       (194, 'Krishna Prabha'),
       (195, 'Shobi Thilakan'),
       (196, 'Nandan Unni'),
       (197, 'Kottayam Ramesh'),
       (198, 'Candela Peña'),
       (199, 'Ana Rujas'),
       (200, 'Pol López'),
       (201, 'Manolo Solo'),
       (202, 'Kira Miró'),
       (203, 'Zendaya'),
       (204, 'Robert Pattinson'),
       (205, 'Mamoudou Athie'),
       (206, 'Alana Haim'),
       (207, 'Jordyn Curet'),
       (208, 'Daniel MacPherson'),
       (209, 'Luke Hemsworth'),
       (210, 'Russell Crowe'),
       (211, 'Mojean Aria'),
       (212, 'Kelly Gale'),
       (213, 'Mark Fischbach'),
       (214, 'Caroline Kaplan'),
       (215, 'Troy Baker'),
       (216, 'Elsie Lovelock'),
       (217, 'Elle LaMont'),
       (218, 'Neve Campbell'),
       (219, 'Courteney Cox'),
       (220, 'Isabel May'),
       (221, 'Jasmin Savoy Brown'),
       (222, 'Mason Gooding'),
       (223, 'Diego Luna'),
       (224, 'Karla Souza'),
       (225, 'Daniel Giménez Cacho'),
       (226, 'Álvaro Guerrero'),
       (227, 'Memo Villegas'),
       (228, 'Gerard Butler'),
       (229, 'Morena Baccarin'),
       (230, 'Roman Griffin Davis'),
       (231, 'Tommie Earl Jenkins'),
       (232, 'Trond Fausa Aurvåg'),
       (233, 'Omar Chaparro'),
       (234, 'Alejandro Speitzer'),
       (235, 'Paola Nuñez'),
       (236, 'Natalia Solián'),
       (237, 'Luis Alberti'),
       (238, 'Mammootty'),
       (239, 'Mohanlal'),
       (240, 'Fahadh Faasil'),
       (241, 'Kunchacko Boban'),
       (242, 'Nayanthara'),
       (243, 'Ariāna Osborne'),
       (244, 'Toby Stephens'),
       (245, 'Umi Myers'),
       (246, 'Erroll Shand'),
       (247, 'Jordan Mooney'),
       (248, 'Nandu Vijay Krishna'),
       (249, 'Avika Gor'),
       (250, 'Ravi Teja Mahadasyam'),
       (251, 'Pragya Nayan Sinha'),
       (252, 'Shivaji Raja'),
       (253, 'Chad Michael Collins'),
       (254, 'Ryan Robbins'),
       (255, 'Manuel Rodriguez-Saenz'),
       (256, 'Josh Brener'),
       (257, 'Tom Berenger'),
       (258, 'Wu Jing'),
       (259, 'Nicholas Tse Ting-Fung'),
       (260, 'Yu Shi'),
       (261, 'Chen Lijun'),
       (262, 'Sun Yizhou'),
       (263, 'Apphle Celso'),
       (264, 'Van Allen Ong'),
       (265, 'Rinoa Halili'),
       (266, 'Mark Dionisio'),
       (267, 'Aya Fortes'),
       (268, 'Pimchanok Luevisadpaibul'),
       (269, 'Thanapob Leeratanakachorn'),
       (270, 'Sivakorn Adulsuttikul'),
       (271, 'Chartayodom Hiranyatithi'),
       (272, 'Theerachai Wimolchaireuk'),
       (273, 'Mohan Joshi'),
       (274, 'Snehal Tarde'),
       (275, 'Mahesh Manjrekar'),
       (276, 'Pravin Tarde'),
       (277, 'Prasad Oak'),
       (278, 'Sara Khorami'),
       (279, 'Mikkel Bratt Silset'),
       (280, 'Ingvild Holthe Bygdnes'),
       (281, 'Øyvind Brandtzæg'),
       (282, 'Jenny Evensen'),
       (283, 'Rachel McAdams'),
       (284, 'Dylan O''Brien'),
       (285, 'Edyll Ismail'),
       (286, 'Dennis Haysbert'),
       (287, 'Xavier Samuel'),
       (288, 'Alan Ritchson'),
       (289, 'Dennis Quaid'),
       (290, 'Stephan James'),
       (291, 'Jai Courtney'),
       (292, 'Esai Morales'),
       (293, 'Chris Hemsworth'),
       (294, 'Mark Ruffalo'),
       (295, 'Halle Berry'),
       (296, 'Barry Keoghan'),
       (297, 'Monica Barbaro'),
       (298, 'Kathryn Newton'),
       (299, 'Sarah Michelle Gellar'),
       (300, 'Shawn Hatosy'),
       (301, 'Nestor Carbonell'),
       (302, 'Arjun Sarja'),
       (303, 'Abhirami'),
       (304, 'Preity Mukhundhan'),
       (305, 'Vivek Prasanna'),
       (306, 'John Kokken'),
       (307, 'Ashley Lopez'),
       (308, 'Marco Mora'),
       (309, 'Chester Grecia'),
       (310, 'Dara Lima'),
       (311, 'Adriana Roces'),
       (312, 'Meryl Streep'),
       (313, 'Anne Hathaway'),
       (314, 'Stanley Tucci'),
       (315, 'Kenneth Branagh'),
       (316, 'Tom Holland'),
       (317, 'Sadie Sink'),
       (318, 'Jacob Batalon'),
       (319, 'Ayushmann Khurrana'),
       (320, 'Rakul Preet Singh'),
       (321, 'Sara Ali Khan'),
       (322, 'Vijay Raaz'),
       (323, 'Zazie Beetz'),
       (324, 'Myha''la'),
       (325, 'Patricia Arquette'),
       (326, 'Paterson Joseph'),
       (327, 'Heather Graham'),
       (328, 'Gianna Jun'),
       (329, 'Koo Kyo-hwan'),
       (330, 'Ji Chang-wook'),
       (331, 'Kim Shin-rock'),
       (332, 'Shin Hyun-been'),
       (333, 'Derya Pınar Ak'),
       (334, 'Onur Seyit Yaran'),
       (335, 'Mina Demirtaş'),
       (336, 'Selma Ergeç'),
       (337, 'Nehir Erdoğan'),
       (338, 'Ananya Panday'),
       (339, 'Lakshya Lalwani'),
       (340, 'Aastha Singh'),
       (341, 'Paresh Pahuja'),
       (342, 'Manish Chaudhary'),
       (343, 'Sally Field'),
       (344, 'Lewis Pullman'),
       (345, 'Colm Meaney'),
       (346, 'Alfred Molina'),
       (347, 'Joan Chen'),
       (348, 'Astrid Lee'),
       (349, 'Christy Imperial'),
       (350, 'Jamilla Obispo'),
       (351, 'Marlon Marcia'),
       (352, 'Matt Damon'),
       (353, 'Lupita Nyong''o'),
       (354, 'Momoka Terasawa'),
       (355, 'Anna Nagase'),
       (356, 'Mikako Komatsu'),
       (357, 'Hisako Kanemoto'),
       (358, 'Makoto Koichi'),
       (359, 'Mimoh Chakraborty'),
       (360, 'Chetna Pande'),
       (361, 'Shruthi Prakash'),
       (362, 'Gaurav Bajpai'),
       (363, 'Praneet Bhatt'),
       (364, 'Angelique Boyer'),
       (365, 'Bárbara de Regil'),
       (366, 'Diego Klein'),
       (367, 'Lucía Uribe'),
       (368, 'Isabella Camil'),
       (369, 'Antony Varghese'),
       (370, 'Dushara Vijayan'),
       (371, 'Jagadish'),
       (372, 'Kabir Duhan Singh'),
       (373, 'Vidhu'),
       (374, 'Preethi Asrani'),
       (375, 'Mahendran'),
       (376, 'Sindhu Shyam'),
       (377, 'Avinash Raghudevan'),
       (378, 'Milly Alcock'),
       (379, 'Eve Ridley'),
       (380, 'Matthias Schoenaerts'),
       (381, 'David Krumholtz'),
       (382, 'Emily Beecham'),
       (383, 'Dave Bautista'),
       (384, 'Jason Momoa'),
       (385, 'Temuera Morrison'),
       (386, 'Roimata Fox'),
       (387, 'Hugh Jackman'),
       (388, 'Julia Louis-Dreyfus'),
       (389, 'Emma Thompson'),
       (390, 'Nicholas Braun'),
       (391, 'Chris O''Dowd'),
       (392, 'Isabelle Fuhrman'),
       (393, 'Josh Hutcherson'),
       (394, 'David Thewlis'),
       (395, 'Vanessa Smythe'),
       (396, 'Ralph Fiennes'),
       (397, 'Jack O''Connell'),
       (398, 'Alfie Williams'),
       (399, 'Erin Kellyman'),
       (400, 'Chi Lewis-Parry'),
       (401, 'Kiefer Sutherland'),
       (402, 'Tommy Martinez'),
       (403, 'Ashton Sanders'),
       (404, 'Solly McLeod'),
       (405, 'Laura Osma'),
       (406, 'Allison Ross'),
       (407, 'Jade Esguerra'),
       (408, 'Zia Zamora'),
       (409, 'Primo Angeles'),
       (410, 'Sacha Baron Cohen'),
       (411, 'Rosamund Pike'),
       (412, 'Tom Davis'),
       (413, 'Emily Mortimer'),
       (414, 'Weruche Opia'),
       (415, 'Ahmed Ezz'),
       (416, 'Karim Abdel Aziz'),
       (417, 'Monica Bellucci'),
       (418, 'Tara Emad'),
       (419, 'Martin Lawrence'),
       (420, 'Ben Affleck'),
       (421, 'Teyana Taylor'),
       (422, 'Steven Yeun'),
       (423, 'Catalina Sandino Moreno'),
       (424, 'Christian Mortensen'),
       (425, 'Mahesh Jadu'),
       (426, 'Joshua Jo'),
       (427, 'Sayed Badreya'),
       (428, 'Yulduz Rajabova'),
       (429, 'Mark Wahlberg'),
       (430, 'Paul Walter Hauser'),
       (431, 'Benjamin Bratt'),
       (432, 'Luciano Szafir'),
       (433, 'Willa Holland'),
       (434, 'Paul Sparks'),
       (435, 'John Adams'),
       (436, 'Mark Steger'),
       (437, 'Shelly Gibson'),
       (438, 'Cillian Murphy'),
       (439, 'Rebecca Ferguson'),
       (440, 'Stephen Graham'),
       (441, 'Saif Ali Khan'),
       (442, 'Rasika Dugal'),
       (443, 'Sanjay Mishra'),
       (444, 'Saurabh Dwivedi'),
       (445, 'Zakir Hussain'),
       (446, 'Adriana Llabrés'),
       (447, 'Hoze Meléndez'),
       (448, 'Andrés Almeida'),
       (449, 'Horacio García Rojas'),
       (450, 'Ruth Ramos'),
       (451, 'Jeremy Irvine'),
       (452, 'Hannah Emily Anderson'),
       (453, 'Evie Templeton'),
       (454, 'Pearse Egan'),
       (455, 'Nicola Alexis'),
       (456, 'Margot Robbie'),
       (457, 'Jacob Elordi'),
       (458, 'Hong Chau'),
       (459, 'Alison Oliver'),
       (460, 'Shazad Latif'),
       (461, 'Nick Offerman'),
       (462, 'Nina Oyama'),
       (463, 'Miranda Otto'),
       (464, 'Amy Sedaris'),
       (465, 'Jordin Sparks'),
       (466, 'Milla Jovovich'),
       (467, 'Matthew Modine'),
       (468, 'Isabel Myers'),
       (469, 'D. B. Sweeney'),
       (470, 'Don Harvey'),
       (471, 'Riteish Deshmukh'),
       (472, 'Abhishek Bachchan'),
       (473, 'Sachin Khedekar'),
       (474, 'Maddie Ziegler'),
       (475, 'Lana Condor'),
       (476, 'Iris Apatow'),
       (477, 'Millicent Simmonds'),
       (478, 'Avantika'),
       (479, 'James Marsden'),
       (480, 'Vince Vaughn'),
       (481, 'Keith David'),
       (482, 'Jimmy Tatro'),
       (483, 'Lou Llobell'),
       (484, 'Jacob Scipio'),
       (485, 'Melissa Leo'),
       (486, 'Joseph Lopez'),
       (487, 'Tony Doupe'),
       (488, 'Meena'),
       (489, 'Siddique'),
       (490, 'Asha Sarath'),
       (491, 'Murali Gopy'),
       (492, 'Leo Woodall'),
       (493, 'Havana Rose Liu'),
       (494, 'Lior Raz'),
       (495, 'Tovah Feldshuh'),
       (496, 'Jean Reno'),
       (497, 'Aaron Taylor-Johnson'),
       (498, 'Theo James'),
       (499, 'Gugu Mbatha-Raw'),
       (500, 'Elham Ehsas') ON CONFLICT (id) DO NOTHING;

INSERT INTO casts (id, name)
VALUES (501, 'Sam Worthington'),
       (502, 'Kali Reis'),
       (503, 'Kylie Rogers'),
       (504, 'Chris Sullivan'),
       (505, 'Sunny Deol'),
       (506, 'Diljit Dosanjh'),
       (507, 'Ahan Shetty'),
       (508, 'Mona Singh'),
       (509, 'Pepe Barroso'),
       (510, 'Mia Jenkins'),
       (511, 'Luca Melucci'),
       (512, 'Andrea Guo'),
       (513, 'Michelangelo Vizzini'),
       (514, 'John Rhys-Davies'),
       (515, 'Ted Levine'),
       (516, 'Elisabeth Röhm'),
       (517, 'Diego Boneta'),
       (518, 'Alexandra Dowling'),
       (519, 'Pierre Coffin'),
       (520, 'Trey Parker'),
       (521, 'Allison Janney'),
       (522, 'Christoph Waltz'),
       (523, 'Jeff Bridges'),
       (524, 'Hashir'),
       (525, 'Alan Bin Siraj'),
       (526, 'Ajin Joy'),
       (527, 'Vinayak V'),
       (528, 'Alphonse Puthren'),
       (529, 'Sam Rockwell'),
       (530, 'Haley Lu Richardson'),
       (531, 'Michael Peña'),
       (532, 'Catherine Lagaʻaia'),
       (533, 'Dwayne Johnson'),
       (534, 'Rena Owen'),
       (535, 'John Tui'),
       (536, 'Frankie Adams'),
       (537, 'F.J.'),
       (538, 'Ayraa'),
       (539, 'Chandhini Tamilarasan'),
       (540, 'Mona Kakade'),
       (541, 'Sreeja Ravi'),
       (542, 'Angeline Aril'),
       (543, 'Audrey Avila'),
       (544, 'Cheena Dizon'),
       (545, 'VR Relosa'),
       (546, 'Dafne Keen'),
       (547, 'Sophie Nélisse'),
       (548, 'Sky Yang'),
       (549, 'Jhaleil Swaby'),
       (550, 'Alissa Skovbye'),
       (551, 'Avinash Tiwary'),
       (552, 'Medha Shankr'),
       (553, 'Govind Namdeo'),
       (554, 'Lillete Dubey'),
       (555, 'Vishwanath Chatterjee'),
       (556, 'Karen Lopez'),
       (557, 'Rhian Rivera'),
       (558, 'Dimple Rubia'),
       (559, 'Nico Locco'),
       (560, 'Ardy Raymundo'),
       (561, 'Madelaine Petsch'),
       (562, 'Richard Brake'),
       (563, 'Ema Horvath'),
       (564, 'Gabriel Basso'),
       (565, 'Pedro Leandro'),
       (566, 'Phoebe Dynevor'),
       (567, 'Whitney Peak'),
       (568, 'Djimon Hounsou'),
       (569, 'Alyla Browne'),
       (570, 'Stacy Clausen'),
       (571, 'Aliya Raymundo'),
       (572, 'Anya Austria'),
       (573, 'Clark Shotwell'),
       (574, 'Kelly Eviston-Quinnett'),
       (575, 'Ella Bleu Travolta'),
       (576, 'Olga Hoffmann'),
       (577, 'Charlie Berger'),
       (578, 'Stephen Lang'),
       (579, 'Harvey Keitel'),
       (580, 'Scottie Thompson'),
       (581, 'Dolph Lundgren'),
       (582, 'Chris Mullinax'),
       (583, 'Bob Odenkirk'),
       (584, 'Henry Winkler'),
       (585, 'Lena Headey'),
       (586, 'Billy MacLellan'),
       (587, 'Ryan Allen'),
       (588, 'Mena Suvari'),
       (589, 'Dichen Lachman'),
       (590, 'Stephen Dorff'),
       (591, 'Sarah Dumont'),
       (592, 'Will Redmond'),
       (593, 'Jessie Buckley'),
       (594, 'Christian Bale'),
       (595, 'Peter Sarsgaard'),
       (596, 'John Magaro'),
       (597, 'Jeannie Berlin'),
       (598, 'Pan Binlong'),
       (599, 'Bao Bei''er'),
       (600, 'Zhao Runnan'),
       (601, 'Clara Lee'),
       (602, 'Zhou Dayong'),
       (603, 'Maika Monroe'),
       (604, 'Tyriq Withers'),
       (605, 'Rudy Pankow'),
       (606, 'Lauren Graham'),
       (607, 'Rafael Ferro'),
       (608, 'Natalia Oreiro'),
       (609, 'Jorge Marrale'),
       (610, 'Aylin Prandi'),
       (611, 'Lautaro Delgado Tymruk'),
       (612, 'Glen Powell'),
       (613, 'Margaret Qualley'),
       (614, 'Jessica Henwick'),
       (615, 'Bill Camp'),
       (616, 'Zach Woods'),
       (617, 'Nattawin Wattanagitiphat'),
       (618, 'Engfa Waraha'),
       (619, 'Jespipat Tilapornputt'),
       (620, 'Sarocha Chankimha'),
       (621, 'Padung Songsang'),
       (622, 'Zo In-sung'),
       (623, 'Park Jeong-min'),
       (624, 'Park Hae-joon'),
       (625, 'Shin Sae-kyeong'),
       (626, 'Robert Maaser'),
       (627, 'Lizzy Greene'),
       (628, 'Megan Boone'),
       (629, 'Sky Katz'),
       (630, 'Philip Winchester'),
       (631, 'Alix Villaret'),
       (632, 'Adarsh Gourav'),
       (633, 'Shanaya Kapoor'),
       (634, 'Kshitee Jog'),
       (635, 'Parul Gulati'),
       (636, 'Ansh Chopra'),
       (637, 'Philippe Lacheau'),
       (638, 'Jamel Debbouze'),
       (639, 'Tarek Boudali'),
       (640, 'Élodie Fontan'),
       (641, 'Julien Arruti'),
       (642, 'Kevin Pollak'),
       (643, 'Noel Gugliemi'),
       (644, 'Ewan McGregor'),
       (645, 'Christian Convery'),
       (646, 'Maisy Stella'),
       (647, 'Jordan Alexa Davis'),
       (648, 'Mosharraf Karim'),
       (649, 'Chanchal Chowdhury'),
       (650, 'Sariful Razz'),
       (651, 'Sabila Nur'),
       (652, 'Shamol Mawla'),
       (653, 'Kara Young'),
       (654, 'Mallori Johnson'),
       (655, 'Vivica A. Fox'),
       (656, 'Sterling K. Brown'),
       (657, 'Janelle Monáe'),
       (658, 'Stephanie Raz'),
       (659, 'Ludwika Paleta'),
       (660, 'Juanpa Zurita'),
       (661, 'Harold Azuara'),
       (662, 'Yuriria del Valle'),
       (663, 'Moisés Arizmendi'),
       (664, 'Skye Gonzaga'),
       (665, 'Chino Villaluna'),
       (666, 'Denzel Cruza'),
       (667, 'Keesha Falcon'),
       (668, 'Alexa Armecin'),
       (669, 'Ari Millen'),
       (670, 'Charlie Zeltzer'),
       (671, 'Shiloh O’Reilly'),
       (672, 'Kiori Mirza Waldman'),
       (673, 'Sarah Abbott'),
       (674, 'Andrew Scott'),
       (675, 'Brendan Fraser'),
       (676, 'Kerry Condon'),
       (677, 'Chris Messina'),
       (678, 'Damian Lewis'),
       (679, 'Michelle Ziudith'),
       (680, 'Rio Dewanto'),
       (681, 'Fara Shakila'),
       (682, 'Taskya Namya'),
       (683, 'Imelda Therinne'),
       (684, 'Ammy Virk'),
       (685, 'Roopi Gill'),
       (686, 'Jarnail Singh'),
       (687, 'Naiqra Dhillon'),
       (688, 'Amiek Virk'),
       (689, 'Sonakshi Sinha'),
       (690, 'Jyothika'),
       (691, 'Ashutosh Gowariker'),
       (692, 'Adinath Kothare'),
       (693, 'Aashriya Mishra'),
       (694, 'Barbie Ferreira'),
       (695, 'Dacre Montgomery'),
       (696, 'Josie Totah'),
       (697, 'Aaron Holliday'),
       (698, 'Jermaine Fowler'),
       (699, 'Nate Bargatze'),
       (700, 'Mandy Moore'),
       (701, 'Stella Grace Fitzgerald'),
       (702, 'Birdie Borria'),
       (703, 'Charlotte Ann Tucker'),
       (704, 'Sadie Sandler'),
       (705, 'Chloe East'),
       (706, 'Billy Bryk'),
       (707, 'Sarah Sherman'),
       (708, 'Martin Herlihy'),
       (709, 'Rani Mukerji'),
       (710, 'Mallika Prasad'),
       (711, 'Janki Bodiwala'),
       (712, 'Mikhail Yawalkar'),
       (713, 'Kodi Smit-McPhee'),
       (714, 'Leigh-Ann Rose'),
       (715, 'Carolina Campos'),
       (716, 'Tegan Couchman'),
       (717, 'Andrea Riseborough'),
       (718, 'Anson Boon'),
       (719, 'Kit Rakusen'),
       (720, 'Monika Frajczyk'),
       (721, 'Hakim Jemili'),
       (722, 'Benjamin Tranié'),
       (723, 'Laura Felpin'),
       (724, 'Kad Merad'),
       (725, 'Florence Foresti'),
       (726, 'Gurnam Bhullar'),
       (727, 'Isha Malviya'),
       (728, 'Rana Ranbir'),
       (729, 'Mintu Kapa'),
       (730, 'Balwinder Bullet'),
       (731, 'Jesse Gervasi'),
       (732, 'Jackson Reid'),
       (733, 'Lilly Bartlam'),
       (734, 'Kai Harris'),
       (735, 'Lucien Duncan-Reid'),
       (736, 'Tushar Dutt'),
       (737, 'Gourav Sharma'),
       (738, 'Apoorva Arora'),
       (739, 'Yashpal Sharma'),
       (740, 'Wasabi Mizuta'),
       (741, 'Megumi Oohara'),
       (742, 'Yumi Kakazu'),
       (743, 'Subaru Kimura'),
       (744, 'Tomokazu Seki'),
       (745, 'Johnny Sequoyah'),
       (746, 'Jessica Alexander'),
       (747, 'Troy Kotsur'),
       (748, 'Victoria Wyant'),
       (749, 'Gia Hunter'),
       (750, 'Yoo Hai-jin'),
       (751, 'Park Ji-hoon'),
       (752, 'Yoo Ji-tae'),
       (753, 'Jeon Mi-do'),
       (754, 'Kim Min'),
       (755, 'Georgina Campbell'),
       (756, 'Joe Keery'),
       (757, 'Sosie Bacon'),
       (758, 'Vanessa Redgrave'),
       (759, 'Lesley Manville'),
       (760, 'Siddharth Gupta'),
       (761, 'Sushmitha Bhat'),
       (762, 'Sanskruti Jayana'),
       (763, 'Nivaashiyni Krishnan'),
       (764, 'J. Karthik'),
       (765, 'Abimana Aryasatya'),
       (766, 'Bront Palarae'),
       (767, 'Dimas Danang'),
       (768, 'Endy Arfian'),
       (769, 'Lukman Sardi'),
       (770, 'Aaron Eckhart'),
       (771, 'Devon Sawa'),
       (772, 'Lucy Martin'),
       (773, 'Lochlyn Munro'),
       (774, 'The D.O.C.'),
       (775, 'Paul Rudd'),
       (776, 'Nick Jonas'),
       (777, 'Peter McDonald'),
       (778, 'Rory Keenan'),
       (779, 'Paul Reid'),
       (780, 'Askar Ali'),
       (781, 'Vineeth Kumar'),
       (782, 'Sidharth Bharathan'),
       (783, 'Assim Jamal'),
       (784, 'Senthil Krishna Rajamani'),
       (785, 'Ana Clara Guanco'),
       (786, 'Marcelo Michinaux'),
       (787, 'Luciano Cáceres'),
       (788, 'Nina Kiri'),
       (789, 'Adam DiMarco'),
       (790, 'Keana Bastidas'),
       (791, 'Jeff Yung'),
       (792, 'Michèle Duquet'),
       (793, 'Katie Cassidy'),
       (794, 'William H. Macy'),
       (795, 'John Patrick Jordan'),
       (796, 'Michael Emery'),
       (797, 'Allen McCullough'),
       (798, 'Jaime M. Callica'),
       (799, 'Sean Rogerson'),
       (800, 'Catherine Lough Haggquist'),
       (801, 'Angel Prater'),
       (802, 'Keegan Connor Tracy'),
       (803, 'Michaela Coel'),
       (804, 'Hunter Schafer'),
       (805, 'FKA twigs'),
       (806, 'Sian Clifford'),
       (807, 'Prince Grootboom'),
       (808, 'Noxolo Dlamini'),
       (809, 'Danica De La Rey'),
       (810, 'Warren Masemola'),
       (811, 'Desmond Dube'),
       (812, 'Shirley Chen'),
       (813, 'Mckenna Grace'),
       (814, 'Amelie Zilber'),
       (815, 'Vivian Wu'),
       (816, 'Maitreyi Ramakrishnan'),
       (817, 'Minami Takayama'),
       (818, 'Wakana Yamazaki'),
       (819, 'Rikiya Koyama'),
       (820, 'Megumi Hayashibara'),
       (821, 'Miyuki Sawashiro'),
       (822, 'Paul Dano'),
       (823, 'Jude Law'),
       (824, 'Alicia Vikander'),
       (825, 'Tom Sturridge'),
       (826, 'Will Keen'),
       (827, 'Kieron Moore'),
       (828, 'Reed Birney'),
       (829, 'Harriet Slater'),
       (830, 'Arsema Thomas'),
       (831, 'Tom Brittney'),
       (832, 'Einar Haraldsson'),
       (833, 'Juju Journey Brener'),
       (834, 'Keanu Reeves'),
       (835, 'Jonah Hill'),
       (836, 'Cameron Diaz'),
       (837, 'Matt Bomer'),
       (838, 'Susan Lucci'),
       (839, 'Anthony Mackie'),
       (840, 'Aiysha Hart'),
       (841, 'Sami Bouajila'),
       (842, 'Sharlto Copley'),
       (843, 'Ben Kingsley'),
       (844, 'Mackenzie Shirilla'),
       (845, 'Tim Troup'),
       (846, 'Rosie Graham'),
       (847, 'Bubba Turner'),
       (848, 'Faythe Walsh'),
       (849, 'Yda Manzano'),
       (850, 'Marco Gomez'),
       (851, 'Ralmon Mendoza'),
       (852, 'Kurt Veneracion'),
       (853, 'Pawan Kalyan'),
       (854, 'Sreeleela'),
       (855, 'Raashii Khanna'),
       (856, 'R. Parthiban'),
       (857, 'Nawab Shah'),
       (858, 'JC Tan'),
       (859, 'Jio Yoshida'),
       (860, 'Zel Fernandez'),
       (861, 'Jetleline Esquivel'),
       (862, 'Mario Casas'),
       (863, 'Mariela Garriga'),
       (864, 'Luis Zahera'),
       (865, 'Nora Navas'),
       (866, 'Christian Tappan'),
       (867, 'Hwang Jung-min'),
       (868, 'Hoyeon'),
       (869, 'Michael Fassbender'),
       (870, 'Souheila Yacoub'),
       (871, 'Tandi Wright'),
       (872, 'Hunter Doohan'),
       (873, 'Luciane Buchanan'),
       (874, 'Parmish Verma'),
       (875, 'Sonal Chauhan'),
       (876, 'Yograj Singh'),
       (877, 'Manav Vij'),
       (878, 'Hashneen Chauhan'),
       (879, 'Daisy Ridley'),
       (880, 'Brenton Thwaites'),
       (881, 'Mark Coles Smith'),
       (882, 'Matt Whelan'),
       (883, 'Chloe Hurst'),
       (884, 'Livi Ciananta'),
       (885, 'Derby Romero'),
       (886, 'Ismi Melinda'),
       (887, 'Lydia Kandou'),
       (888, 'Teuku Rifnu Wikana'),
       (889, 'Siam Ahmed'),
       (890, 'Susmita Chatterjee'),
       (891, 'Shataf Figar'),
       (892, 'Ali Raj'),
       (893, 'Samm Bhattacharyya'),
       (894, 'Jodie Comer'),
       (895, 'Bill Skarsgård'),
       (896, 'Murray Bartlett'),
       (897, 'Noah Jupe'),
       (898, 'Siddhant Chaturvedi'),
       (899, 'Ila Arun'),
       (900, 'Joy Sengupta'),
       (901, 'Ayesha Raza Mishra'),
       (902, 'Rajkummar Rao'),
       (903, 'Archana Puran Singh'),
       (904, 'Upendra Limaye'),
       (905, 'Abhishek Banerjee'),
       (906, 'Francesca Reale'),
       (907, 'Nicholas Hamilton'),
       (908, 'Jake Manley'),
       (909, 'Shane Paul McGhie'),
       (910, 'Dharmendra'),
       (911, 'Jaideep Ahlawat'),
       (912, 'Agastya Nanda'),
       (913, 'Simar Bhatia'),
       (914, 'Shree Bishnoi') ON CONFLICT (id) DO NOTHING;

-- ============================================================
-- 6. MOVIES (198 film dari TMDB, poster URL TMDB lengkap)
-- ============================================================
INSERT INTO movies (id, title, duration, poster, release_date, synopsis, category)
VALUES (1, 'Obsession', '01:48:00', 'https://image.tmdb.org/t/p/w500/bRwnj8WEKBCvmfeUNOukJPwB43K.jpg', '2026-05-13',
        'After breaking the mysterious "One Wish Willow" to win his crush''s heart, a hopeless romantic finds himself getting exactly what he asked for but soon discovers that some desires come at a dark, sinister price.',
        'Now Showing'),
       (2, 'Peddi', '03:12:00', 'https://image.tmdb.org/t/p/w500/kJAJNNBYlbqAcpTDxBNnaILSMTy.jpg', '2026-06-03',
        'In 1980s rural Andhra Pradesh, a spirited villager unites his community through sports to defend their pride against a powerful rival.',
        'Now Showing'),
       (3, 'Hai Jawani Toh Ishq Hona Hai', '02:16:00',
        'https://image.tmdb.org/t/p/w500/vmlJvz6qVzYgei2V74GvnmcuQfW.jpg', '2026-06-04',
        'When Jass leaves his marriage over conflicting priorities, a new romance abroad is upended by shocking revelations, forcing him to confront love, loyalty, and the true meaning of commitment.',
        'Now Showing'),
       (4, 'Michael', '02:08:00', 'https://image.tmdb.org/t/p/w500/zm0KAbOjlt9eR5y7vDiL2dEOwMl.jpg', '2026-04-22',
        'The story of Michael Jackson, one of the most influential artists the world has ever known, and his life beyond the music. His journey from the discovery of his extraordinary talent as the lead of the Jackson Five, to the visionary artist whose creative ambition fueled a relentless pursuit to become the biggest entertainer in the world, highlighting both his life off-stage and some of the most iconic performances from his early solo career.',
        'Now Showing'),
       (5, 'Mortal Kombat II', '01:56:00', 'https://image.tmdb.org/t/p/w500/hwRdDFIhaEmpRgoki805YvyyjZf.jpg',
        '2026-05-06',
        'The fan favorite champions—now joined by Johnny Cage himself—are pitted against one another in the ultimate, no-holds barred, gory battle to defeat the dark rule of Shao Kahn that threatens the very existence of the Earthrealm and its defenders.',
        'Now Showing'),
       (6, 'Karuppu', '02:31:00', 'https://image.tmdb.org/t/p/w500/4KZXlZ5tTT6ghbW77gS4hSLkCd7.jpg', '2026-05-14',
        'In a world where justice falters, guardian deity Vettai Karuppu takes the guise of a lawyer to battle a corrupt legal system preying on the powerless.',
        'Now Showing'),
       (7, 'The Mandalorian and Grogu', '02:12:00', 'https://image.tmdb.org/t/p/w500/5Vi8dSauVwH1HOsiZceDMbRr1Ca.jpg',
        '2026-05-20',
        'The evil Empire has fallen, and Imperial warlords remain scattered throughout the galaxy. As the fledgling New Republic works to protect everything the Rebellion fought for, they have enlisted the help of legendary Mandalorian bounty hunter Din Djarin and his young apprentice Grogu.',
        'Now Showing'),
       (8, 'The Super Mario Galaxy Movie', '01:38:00', 'https://image.tmdb.org/t/p/w500/eJGWx219ZcEMVQJhAgMiqo8tYY.jpg',
        '2026-04-01',
        'Having thwarted Bowser''s previous plot to marry Princess Peach, Mario and Luigi now face a fresh threat in Bowser Jr., who is determined to liberate his father from captivity and restore the family legacy. Alongside companions new and old, the brothers travel across the stars to stop the young heir''s crusade.',
        'Now Showing'),
       (9, 'Disclosure Day', '02:25:00', 'https://image.tmdb.org/t/p/w500/3o5YPjDGDTcTDL5ftDA9NwN9dLd.jpg',
        '2026-06-10',
        'If you found out we weren’t alone, if someone showed you, proved it to you, would that frighten you?',
        'Now Showing'),
       (10, 'Masters of the Universe', '02:21:00', 'https://image.tmdb.org/t/p/w500/3YMd9Ogae4rDKLWuAZFuse9xhc5.jpg',
        '2026-06-03',
        'After being separated for 15 years, the Sword of Power leads Prince Adam back to Eternia, where he discovers his home shattered under the fiendish rule of Skeletor. To save his family and his world, Adam must join forces with his closest allies, Teela and Duncan/Man-At-Arms, and embrace his true destiny as He-Man — the most powerful man in the universe.',
        'Now Showing'),
       (11, 'KD – The Devil', '02:21:00', 'https://image.tmdb.org/t/p/w500/nEuEMJrnLBneE9tJlmzbhCFLu95.jpg',
        '2026-04-30',
        'In the early 1970s, a petty criminal Kaali unwittingly involves himself with underworld thugs, catalyzing events beyond his control.',
        'Now Showing'),
       (12, 'Lee Cronin''s The Mummy', '02:13:00', 'https://image.tmdb.org/t/p/w500/1q308iixueCU4pFtSYugNOevtNx.jpg',
        '2026-04-15',
        'The young daughter of a journalist disappears into the desert without a trace—eight years later, the broken family is shocked when she is returned to them, as what should be a joyful reunion turns into a living nightmare.',
        'Now Showing'),
       (13, 'Your Heart Will Be Broken', '02:14:00', 'https://image.tmdb.org/t/p/w500/7wIBfBl2gejt6xHxNSK0reVIm7E.jpg',
        '2026-03-26',
        'High school student Polina is saved from bullying at her new school and makes a deal with the main bully Bars: he must pretend to be her boyfriend and protect her, and she must do everything he says. During this game, the couple develops real feelings, but her family and classmates have reasons to separate the lovers.',
        'Now Showing'),
       (14, 'Bandar', '02:20:00', 'https://image.tmdb.org/t/p/w500/3TrQUHmnEL2tOYf4KKkXb01BQt2.jpg', '2026-06-05',
        'TV star Samar''s life spirals when his ex Gayatri accuses him of rape after he blocks contact with her. Despite his new relationship with Khushi, he faces arrest and encounters a corrupt justice system.',
        'Now Showing'),
       (15, 'Office Romance', '01:55:00', 'https://image.tmdb.org/t/p/w500/1HRUTqEVDmJC4L6tp6zd85MI6uH.jpg',
        '2026-06-04',
        'Jackie, President and CEO of Air Cruz, runs a tight ship in her business, including a rigid anti-fraternization policy for all her employees. When a new sexy lawyer begins working for her, that policy becomes very tested.',
        'Now Showing'),
       (16, 'The Punisher: One Last Kill', '00:51:00',
        'https://image.tmdb.org/t/p/w500/qQclTgLMDvGBuUBFGHRipxkEwWR.jpg', '2026-05-12',
        'As Frank Castle searches for meaning beyond revenge, an unexpected force pulls him back into the fight.',
        'Now Showing'),
       (17, 'In the Grey', '01:37:00', 'https://image.tmdb.org/t/p/w500/dQgIcW6Th08kMRf2HBoYWoFE6OD.jpg', '2026-05-13',
        'A covert team of elite operatives are living in the shadows. When a ruthless despot steals a billion-dollar fortune, they''re sent to take it back—an impossible heist that erupts into a deadly game of strategy, deception and survival.',
        'Now Showing'),
       (18, 'Swapped', '01:42:00', 'https://image.tmdb.org/t/p/w500/tHhxWxge06goXU6ZQH1hj7vK8Hd.jpg', '2026-05-01',
        'A small woodland creature and a majestic bird, two natural sworn enemies of the Valley, magically trade places and set off on an adventure of a lifetime to switch back. Their journey soon uncovers a greater threat—one that could endanger not only their species, but the entire valley they call home.',
        'Now Showing'),
       (19, 'Project Hail Mary', '02:37:00', 'https://image.tmdb.org/t/p/w500/yihdXomYb5kTeSivtFndMy5iDmf.jpg',
        '2026-03-15',
        'Science teacher Ryland Grace wakes up on a spaceship light years from home with no recollection of who he is or how he got there. As his memory returns, he begins to uncover his mission: solve the riddle of the mysterious substance causing the sun to die out. He must call on his scientific knowledge and unorthodox ideas to save everything on Earth from extinction.',
        'Now Showing'),
       (20, 'Maa Behen', '02:07:00', 'https://image.tmdb.org/t/p/w500/rfooTavEjaWh6krAcPpHp1CPj7E.jpg', '2026-06-04',
        'In this dark comedy, a woman calls her estranged daughters in the middle of the night with chilling news — there''s a dead body in her kitchen.',
        'Now Showing'),
       (21, 'Kara', '02:41:00', 'https://image.tmdb.org/t/p/w500/uIrFdMWlJFdc1jPBP9bxeaISCDj.jpg', '2026-04-30',
        'A thief tries to go straight, but when predatory banks trap his father in debt, he returns to crime — with a determined cop closing in on his trail.',
        'Now Showing'),
       (22, 'Dhurandhar: The Revenge', '03:49:00', 'https://image.tmdb.org/t/p/w500/ptTwQES14pr5c3aZvJg56YlYgb1.jpg',
        '2026-03-18',
        'As rival gangs, corrupt officials and a ruthless Major Iqbal close in, Hamza''s mission for his country spirals into a bloody personal war where the line between patriot and monster disappears in the streets of Lyari.',
        'Now Showing'),
       (23, 'Tom Clancy''s Jack Ryan: Ghost War', '01:47:00',
        'https://image.tmdb.org/t/p/w500/8ehYxUh5MWE41AeE9gkHE8DKzvB.jpg', '2026-05-20',
        'Jack Ryan is reluctantly pulled back into espionage when an international covert mission unravels a deadly conspiracy. Racing against time, he joins CIA allies Mike November & James Greer and sharp MI6 officer Emma Marlowe to battle a rogue black-ops unit in a high-stakes, deeply personal fight.',
        'Now Showing'),
       (24, 'The Furious', '01:53:00', 'https://image.tmdb.org/t/p/w500/zP19YO60jwEsfKd5Qf1UvA5uJu8.jpg', '2026-06-10',
        'After Wang Wei''s daughter is kidnapped by a criminal network and he receives no help from the corrupt police, Wei sets out to find her himself. His only ally is Navin, a relentless journalist whose wife has mysteriously disappeared. Fueled by a furious vengeance, the unlikely duo ruthlessly battle the kidnappers in this explosive martial arts showdown.',
        'Now Showing'),
       (25, 'Backrooms', '01:51:00', 'https://image.tmdb.org/t/p/w500/rhGx6E3qRNMgj3i5su2oukNHwIQ.jpg', '2026-05-27',
        'A strange doorway appears in the basement of a furniture showroom.', 'Now Showing'),
       (26, 'Hokum', '01:48:00', 'https://image.tmdb.org/t/p/w500/jKPWwsbAM6HKURPYQ1eG8DmKMKn.jpg', '2026-04-29',
        'When novelist Ohm Bauman retreats to a remote inn to scatter his parents'' ashes, he is consumed by tales of a witch haunting the honeymoon suite. Disturbing visions and a shocking disappearance forces him to confront dark corners of his past.',
        'Now Showing'),
       (27, 'Hoppers', '01:44:00', 'https://image.tmdb.org/t/p/w500/xjtWQ2CL1mpmMNwuU5HeS4Iuwuu.jpg', '2026-03-04',
        'Scientists have discovered how to ''hop'' human consciousness into lifelike robotic animals, allowing people to communicate with animals as animals. Animal lover Mabel seizes an opportunity to use the technology, uncovering mysteries within the animal world beyond anything she could have imagined.',
        'Now Showing'),
       (28, 'Seven Snipers', '01:27:00', 'https://image.tmdb.org/t/p/w500/xIZ8huVdXCL7OMtsjd3XvmFP5sK.jpg',
        '2026-04-30',
        'When a former elite sniper is hunted down by the ruthless warlord who once held her captive, she must fight to the death to protect the daughter she has raised in hiding, on a remote Australian farm.',
        'Now Showing'),
       (29, 'Scary Movie', '01:36:00', 'https://image.tmdb.org/t/p/w500/reZ8NInXjMkkaOpUHcI3Pn7iaRN.jpg', '2026-06-03',
        'Twenty-six years after outrunning a suspiciously familiar masked killer, the Core Four are back in the killer''s crosshairs and no horror movie IP is safe.',
        'Now Showing'),
       (30, 'Dridam', '02:07:00', 'https://image.tmdb.org/t/p/w500/moGAYQMbT28vo5koOWItbcpiWfw.jpg', '2026-05-08',
        'A police officer arrives at a seemingly peaceful station but faces pressure when human remains are discovered. Given only a week to solve the murder, he must navigate demands from his department and an anxious public seeking swift justice.',
        'Now Showing'),
       (31, 'Chum', '01:27:00', 'https://image.tmdb.org/t/p/w500/uJOW6pWxJ0i5sji9VXRR6Y1wXyE.jpg', '2026-05-27',
        'A newlywed couple joins friends on a Mediterranean yacht excursion, only to find themselves caught between a predatory shark and a psychopathic killer in their midst-transforming a sun-drenched escape into a fight for survival.',
        'Now Showing'),
       (32, 'Over Your Dead Body', '01:45:00', 'https://image.tmdb.org/t/p/w500/kZCauMzAt9eMAhLMopCqnFw1Q5k.jpg',
        '2026-03-14',
        'A dysfunctional couple head to a remote cabin to "reconnect", but each has secret intentions to kill the other.',
        'Now Showing'),
       (33, 'Infiltrate', '01:33:00', 'https://image.tmdb.org/t/p/w500/8Cw8GF9wG63kF8pRRXwOx2kXGt.jpg', '2026-04-10',
        'In a city overrun by crime, government Agent Lily Chen is forced to choose between her duty and her family when her husband is kidnapped, and she’s blackmailed into assassinating high-level criminals to save him. As she delves deeper into the criminal underworld, Lily’s relentless pursuit of justice unravels a web of corruption, leading to a final, life-altering decision that will change her world forever.',
        'Now Showing'),
       (34, 'Colors of Evil: Black', '01:50:00', 'https://image.tmdb.org/t/p/w500/reeKdj7BSznr7wSGzAtIMrPFgKo.jpg',
        '2026-06-10',
        'Investigating the disappearance of children in a remote Polish town, prosecutor Leopold Bilski must unravel a sinister local legend before it''s too late.',
        'Now Showing'),
       (35, 'Apex', '01:36:00', 'https://image.tmdb.org/t/p/w500/eTp7gSPkSF3Aw79mNx1NkBP1PZT.jpg', '2026-04-24',
        'A grieving woman pushing her limits on a solo adventure in the Australian wild is ensnared in a twisted game with a cunning killer who thinks she''s prey.',
        'Now Showing'),
       (36, 'GOAT', '01:40:00', 'https://image.tmdb.org/t/p/w500/wfuqMlaExcoYiUEvKfVpUTt1v4u.jpg', '2026-02-11',
        'A small goat with big dreams gets a once-in-a-lifetime shot to join the pros and play roarball, a high-intensity, co-ed, full-contact sport dominated by the fastest, fiercest animals in the world.',
        'Now Showing'),
       (37, 'Toy Story 5', '01:42:00', 'https://image.tmdb.org/t/p/w500/pxG26JdyuiDvJbSoucknaFiLeZD.jpg', '2026-06-17',
        'When Bonnie receives a Lilypad tablet as a gift and becomes obsessed, Buzz, Woody, Jessie and the rest of the gang''s jobs become exponentially harder when they have to go head to head with the all-new threat to playtime.',
        'Now Showing'),
       (38, 'Bhooth Bangla', '02:43:00', 'https://image.tmdb.org/t/p/w500/ArIS4vwUxdhm3j7tsTHmffdfU8W.jpg',
        '2026-04-16',
        'A man inherits a palace in rural Mangalpur and plans his sister''s wedding there, but strange supernatural events and panicked locals force him to investigate the property''s mysterious past.',
        'Now Showing'),
       (39, 'Dacoit', '02:30:00', 'https://image.tmdb.org/t/p/w500/lbrnJY7E0a9xxgj2cotNp6YI4dz.jpg', '2026-04-10',
        'Betrayed by his better half, a man is convicted for a crime he didn''t commit. Once free, he hunts her down in pursuit of vengeance, as their stories intertwine with a series of robberies.',
        'Now Showing'),
       (40, 'Haunted 3D: Ghosts of the Past', '02:00:00',
        'https://image.tmdb.org/t/p/w500/2JzXsjm4xrbyHaK5VwAYuyMtsEX.jpg', '2026-06-12',
        'Sequel to the 2011 Indian horror.', 'Now Showing'),
       (41, 'Shelter', '01:47:00', 'https://image.tmdb.org/t/p/w500/buPFnHZ3xQy6vZEHxbHgL1Pc6CR.jpg', '2026-01-28',
        'A man living in self-imposed exile on a remote island rescues a young girl from a violent storm, setting off a chain of events that forces him out of seclusion to protect her from enemies tied to his past.',
        'Now Showing'),
       (42, 'Vengeance', '01:43:00', 'https://image.tmdb.org/t/p/w500/ygWXPL0RS91JyJPNOfK34eV3bRE.jpg', '2026-02-26',
        'The brutal murder of the wife of “Toro,” a military hero in the special forces, turns him into a man with a single purpose: revenge. After a stroke of fate makes him a millionaire, Carlos transforms his fortune into an arsenal and, together with his closest soldiers, sets out to hunt down those responsible.',
        'Now Showing'),
       (43, 'The Drama', '01:46:00', 'https://image.tmdb.org/t/p/w500/rnIOUhzwJDfgQakx8EjoNyItKgs.jpg', '2026-03-26',
        'A happily engaged couple is put to the test when an unexpected turn sends their wedding week off the rails.',
        'Now Showing'),
       (44, 'Beast', '01:55:00', 'https://image.tmdb.org/t/p/w500/7NrvUI3vnW8H3rD7ExKcTL7KRcQ.jpg', '2026-04-10',
        'MMA legend Patton James, now a commercial fisherman, is pulled back into the cage when his brother is in danger. Reuniting with his old coach Sammy, he commits to one final fight in one championship against the brutal champion Xavier Grau.',
        'Now Showing'),
       (45, 'The Marked Woman', '01:49:00', 'https://image.tmdb.org/t/p/w500/dyUZ6IKbzmgtdshHevJahpH51Eq.jpg',
        '2026-06-05',
        'When a woman is found in a shipping container with no memory of who she is, two detectives race to figure out her identity — and who wants her dead.',
        'Now Showing'),
       (46, 'Scream 7', '01:54:00', 'https://image.tmdb.org/t/p/w500/jjyuk0edLiW8vOSnlfwWCCLpbh5.jpg', '2026-02-25',
        'When a new Ghostface killer emerges in the quiet town where Sidney Prescott has built a new life, her darkest fears are realized as her daughter becomes the next target. Determined to protect her family, Sidney must face the horrors of her past to put an end to the bloodshed once and for all.',
        'Now Showing'),
       (47, 'Mexico 86', '01:35:00', 'https://image.tmdb.org/t/p/w500/dj4MbmBrZXzNQpxsLBIxKohRp9b.jpg', '2026-05-21',
        'When a last-minute chance to host the 1986 World Cup appears, a cunning Mexican bureaucrat, armed with nothing but guts and audacity, cons his way through FIFA to beat the United States, but in a country of power games, every victory has a price.',
        'Now Showing'),
       (48, 'Greenland 2: Migration', '01:38:00', 'https://image.tmdb.org/t/p/w500/z2tqCJLsw6uEJ8nJV8BsQXGa3dr.jpg',
        '2026-01-07',
        'Having found the safety of the Greenland bunker after the comet Clarke decimated the Earth, the Garrity family must now risk everything to embark on a perilous journey across the wasteland of Europe to find a new home.',
        'Now Showing'),
       (49, 'Mārama', '01:29:00', 'https://image.tmdb.org/t/p/w500/tD9yi1i2t6cgXDrqaBRzjUy7bEX.jpg', '2026-04-17',
        '1859. When a young Māori woman is summoned from New Zealand to North Yorkshire, she uncovers her horrific colonial heritage and is compelled to confront and destroy the titled Englishman who devastated her family.',
        'Now Showing'),
       (50, 'Iron Lung', '02:05:00', 'https://image.tmdb.org/t/p/w500/sIwakdbMGS1krtgendTWpxTY9Hw.jpg', '2026-01-30',
        'In a post-apocalyptic future where an event known as "The Quiet Rapture" caused all known stars and habitable planets in the universe to disappear, a convict is sent to search an ocean of blood discovered on a desolate moon, using a small submarine nicknamed the "Iron Lung".',
        'Now Showing') ON CONFLICT (id) DO NOTHING;
INSERT INTO movies (id, title, duration, poster, release_date, synopsis, category)
VALUES (51, 'Ugly Story', '02:03:00', 'https://image.tmdb.org/t/p/w500/hxJOr9MRXTg3HYMpdj6VbD1FSXZ.jpg', '2026-05-22',
        'Follows a man who becomes obsessively attached to a girl in love with someone else, descending into a dark psychological state as he struggles with rejection, leading to dangerous consequences.',
        'Now Showing'),
       (52, 'Blades of the Guardians: Wind Rises in the Desert', '02:06:00',
        'https://image.tmdb.org/t/p/w500/AbunjMKX4P1sDNlKfhYrWkIoRD9.jpg', '2026-02-17',
        'Dao Ma, the "second most wanted fugitive," is entrusted by his benefactor, the chief of Mo family clan, to take on a mysterious escort mission-escorting the "most wanted fugitive" to Chang''an.',
        'Now Showing'),
       (53, 'War Machine', '01:50:00', 'https://image.tmdb.org/t/p/w500/rFhKkXhk7ClU03jQ5rHIApJDwev.jpg', '2026-02-12',
        'On one last grueling mission during Army Ranger training, a combat engineer must lead his unit in a fight against a giant otherworldly killing machine.',
        'Now Showing'),
       (54, 'Sniper: No Nation', '01:36:00', 'https://image.tmdb.org/t/p/w500/tUmARo0TZEK1EaSuS6dU35FhDyU.jpg',
        '2026-04-07',
        'Brandon Beckett and Agent Zero lead a rescue mission in Costa Verde when their friends are taken hostage.',
        'Now Showing'),
       (55, 'My Dearest Assassin', '02:08:00', 'https://image.tmdb.org/t/p/w500/ul4dQcA68mtSx8J56N5gEcaCCtP.jpg',
        '2026-05-06',
        'Hunted for her rare blood type, a caged woman vows to fight alongside the assassin she loves to protect their future when an old enemy resurfaces.',
        'Now Showing'),
       (56, 'Kesong Puti', '02:00:00', 'https://image.tmdb.org/t/p/w500/8zYU8hlKR5111IToxXvv5575tZG.jpg', '2026-04-24',
        'Have a taste of VMX Newest Temptation Apphle Celso. Lena, a Kesong Puti vendor, meets a charming dairy supplier Manny. Their chemistry sparks a daring secret that transforms her humble cheese into their town’s obsession.',
        'Now Showing'),
       (57, 'Patriot', '02:57:00', 'https://image.tmdb.org/t/p/w500/4cK4Js7yg8wL2YeZh7DWuoz1bgZ.jpg', '2026-05-01',
        'When a Malayali DRW analyst tries to expose a corrupt regional politician from Kerala and his malpractices regarding spyware, he goes on the run, becomes a vlogger, and must clear his name of the false allegations levelled against him.',
        'Now Showing'),
       (58, 'Crime 101', '02:21:00', 'https://image.tmdb.org/t/p/w500/tVvpFIoteRHNnoZMhdnwIVwJpCA.jpg', '2026-02-11',
        'When an elusive thief whose high-stakes heists unfold along the iconic 101 freeway in Los Angeles eyes the score of a lifetime, with hopes of this being his final job, his path collides with a disillusioned insurance broker who is facing her own crossroads. Determined to crack the case, a relentless detective closes in on the operation, raising the stakes even higher.',
        'Now Showing'),
       (59, 'Send Help', '01:53:00', 'https://image.tmdb.org/t/p/w500/zbJWVHOtj3ljBzWgL1P8pxP03Up.jpg', '2026-01-22',
        'Two colleagues become stranded on a deserted island, the only survivors of a plane crash. On the island, they must overcome past grievances and work together to survive, but ultimately, it''s a battle of wills and wits to make it out alive.',
        'Now Showing'),
       (60, 'Kraken', '01:34:00', 'https://image.tmdb.org/t/p/w500/xdZ8k5s8DTwWyPBMIcflrYLgcAK.jpg', '2026-02-06',
        'A marine biologist is doing research on a fish farm when she encounters several strange occurrences. Along with the brutal deaths of two teenagers, all signs point to the deep fjord; can there be more to the depths than the eye can see?',
        'Now Showing'),
       (61, 'Deool Band 2', '03:02:00', 'https://image.tmdb.org/t/p/w500/89n9cfc5dm0kdkABmDJalzveEwU.jpg', '2026-05-21',
        'The story follows a farmer who decides to question and test his faith, setting off a journey filled with emotional and life-altering moments. At its core, the narrative centers on a woman who tirelessly struggles for her family, facing hardships with resilience, as her path ultimately leads her to confront the very idea of divine power',
        'Now Showing'),
       (62, 'Ready or Not: Here I Come', '01:48:00', 'https://image.tmdb.org/t/p/w500/13ZcJzSGEqVgDSqsS9U5EkQwPkV.jpg',
        '2026-03-19',
        'Moments after surviving an all-out attack from the Le Domas family, Grace discovers she’s reached the next level of the nightmarish game — and this time with her estranged sister Faith at her side. Grace has one chance to survive, keep her sister alive, and claim the High Seat of the Council that controls the world. Four rival families are hunting her for the throne, and whoever wins rules it all.',
        'Now Showing'),
       (63, 'Blast', '02:23:00', 'https://image.tmdb.org/t/p/w500/ho824aZtnBzE6FuJRn2znQCq4qQ.jpg', '2026-05-28',
        'Follows a family trained to protect the powerless who become the most dangerous obstacle of all.',
        'Now Showing'),
       (64, 'Tayuan 2', '01:11:00', 'https://image.tmdb.org/t/p/w500/gkHNa8q3RNhgj2EMuoYWJUHsMa6.jpg', '2026-04-17',
        'A charming bus conductor drawn to both men and women who feels an unexpected spark with a shy commuter. On crowded bus rides where bodies brush, desire grows and love becomes messy.',
        'Now Showing'),
       (65, 'The Devil Wears Prada 2', '01:59:00', 'https://image.tmdb.org/t/p/w500/xTI42pmsP5EDnvsNJPEDubwWBQO.jpg',
        '2026-04-29',
        'Andy Sachs returns to Runway as Miranda Priestly navigates a new media landscape and Runway''s position within. The duo reconnect with former assistant Emily Charlton, now the head of a luxury brand that possesses funding which could ensure Runway''s survival.',
        'Now Showing'),
       (66, 'Pati Patni Aur Woh Do', '01:57:00', 'https://image.tmdb.org/t/p/w500/x0RUPvba4JlCCkyyEZGlQFIFVuF.jpg',
        '2026-05-15',
        'A seemingly perfect marriage in Prayagraj takes an unexpected turn when one decision leads to a chain of misunderstandings, suspicion, and comedic chaos.',
        'Now Showing'),
       (67, 'They Will Kill You', '01:35:00', 'https://image.tmdb.org/t/p/w500/6oI4oQKTWMVUlr8Ivqydp28Ruu6.jpg',
        '2026-03-25',
        'A woman answers a help wanted ad to be a housekeeper in a mysterious New York City high-rise, unaware that she is entering a community that has seen a number of disappearances over the years and may be under the grip of a Satanic cult.',
        'Now Showing'),
       (68, 'Spider-Man: Brand New Day', '02:00:00', 'https://image.tmdb.org/t/p/w500/ghF1JYv7P5BgWHYfq9dqhqqNfz8.jpg',
        '2026-07-29',
        'Fighting crime full-time as Spider-Man in a world that doesn''t remember him—and the pressure of seeing his old friends move on without him—sparks a change in Peter Parker he may not have the power to control. But that transformation might also be the only thing that can stop a shocking new threat to the city and those he loves - a powerful villain no one can even see.',
        'Now Showing'),
       (69, 'Colony', '02:03:00', 'https://image.tmdb.org/t/p/w500/tN799oUR0f1gUKDYdMNrDaY7I51.jpg', '2026-05-21',
        'Professor Se-jeong is thrust into a bloody nightmare when a rapidly mutating virus is released during a biotech conference causing authorities to seal the facility. Trapped inside with no escape, Se-jeong along with a small group of survivors must fight to stay alive while the infected undergo horrific transformations.',
        'Now Showing'),
       (70, 'Summer House', '02:00:00', 'https://image.tmdb.org/t/p/w500/81xUChgVphBFehihIgbXbyneZXP.jpg', '2026-06-06',
        'Selin travels back in time at a summer house and finds herself in her mother''s youth, changing her family''s fate and rebuilding her own life.',
        'Now Showing'),
       (71, 'Remarkably Bright Creatures', '01:54:00',
        'https://image.tmdb.org/t/p/w500/9HcEqn3D4J6b2Z0jK54id9nA0fr.jpg', '2026-05-07',
        'Through unlikely bonds formed during night shifts at a local aquarium, Tova, an elderly widow, learns of a life-changing discovery that may bring her joy and wonder once again.',
        'Now Showing'),
       (72, 'Chand Mera Dil', '02:22:00', 'https://image.tmdb.org/t/p/w500/9LPkXJustudEBgPZEm9tgDx5KtC.jpg',
        '2026-05-22',
        'Aarav and Chandni''s passionate college romance is struck by adulthood far too soon, forcing the two young lovers to balance their ambitions with responsibility and realize the evolved meaning of love.',
        'Now Showing'),
       (73, 'Stepdaddy', '01:10:00', 'https://image.tmdb.org/t/p/w500/oZxNblisKuDzSUW5g18FERjyJs9.jpg', '2026-04-04',
        'Emotions and intrigue run high in this titillating taboo family affair. Chloe and Nica are sisters who both find themselves in their own passionate love affairs with their stepdad Carl.',
        'Now Showing'),
       (74, 'The Odyssey', '02:52:00', 'https://image.tmdb.org/t/p/w500/9C9PAnrZcB8x7YHNlBs4PUv0Z7K.jpg', '2026-07-15',
        'Odysseus, the legendary King of Ithaca, embarks on a long and perilous journey home following the Trojan War. Throughout his voyage, he is forced to confront the whims of gods, mythological monsters, and trials that stretch both his cunning and his humanity to the breaking point.',
        'Now Showing'),
       (75, 'Milky☆Subway: The Galactic Limited Express - the Movie', '00:46:00',
        'https://image.tmdb.org/t/p/w500/brQf6Odu4S6WzfVLuXLbOcbsOP2.jpg', '2026-02-06',
        'Six delinquents are tasked with cleaning a train as part of a community service program. But when the train suddenly takes off, chaos ensues.',
        'Now Showing'),
       (76, 'Accidental Partners', '01:50:00', 'https://image.tmdb.org/t/p/w500/sr1Yoj6XLPTWYcbDoBy67xivW4I.jpg',
        '2026-03-12',
        'Two women discover they were both scammed by the same man (who also got them pregnant). They form an alliance to take revenge.',
        'Now Showing'),
       (77, 'Kattalan', '01:59:00', 'https://image.tmdb.org/t/p/w500/9OA6y2GdbXuJ5PAMMMawNBIkrZA.jpg', '2026-05-14',
        'Power-hungry forces clash in the Ivory cartel war-a fierce story of control, vengeance, and survival where compassion vanishes and only the ruthless endure.',
        'Now Showing'),
       (78, '29', '02:29:00', 'https://image.tmdb.org/t/p/w500/aQZ4OxzaYTN7cRN7fALi9BhPucp.jpg', '2026-05-08',
        'A quirky 29-year-old named Sathya embarks on an unexpected journey of laughter, unlikely friendships, and self-discovery. Through hilarious misadventures and chance encounters, he slowly sees life''s bigger picture - its surprises, joys, and second chances.',
        'Now Showing'),
       (79, 'Supergirl', '01:48:00', 'https://image.tmdb.org/t/p/w500/moejGxR2haap29d9NQ7qe8x4eGj.jpg', '2026-06-23',
        'When an unexpected and ruthless adversary strikes too close to home, Kara Zor-El, aka Supergirl, reluctantly joins forces with an unlikely companion on an epic, interstellar journey of vengeance and justice.',
        'Now Showing'),
       (80, 'The Wrecking Crew', '02:05:00', 'https://image.tmdb.org/t/p/w500/gbVwHl4YPSq6BcC92TQpe7qUTh6.jpg',
        '2026-01-28',
        'Estranged half-brothers Jonny and James reunite after their father''s mysterious death. As they search for the truth, buried secrets reveal a conspiracy threatening to tear their family apart.',
        'Now Showing'),
       (81, 'The Sheep Detectives', '01:49:00', 'https://image.tmdb.org/t/p/w500/6QtL9rl3Zb4d8qW6EJ4qO5hSSfU.jpg',
        '2026-04-30',
        'George Hardy is a shepherd who reads detective novels to his beloved sheep every night, assuming they can''t possibly understand. But when a mysterious incident disrupts life on the farm, the sheep realize they must become the detectives. As they follow the clues and investigate human suspects, they prove that even sheep can be brilliant crime-solvers.',
        'Now Showing'),
       (82, 'Signal One', '01:52:00', 'https://image.tmdb.org/t/p/w500/bi7Aeaozl51cd5K6vAn8tI1lOW0.jpg', '2026-06-05',
        'A computer scientist is invited by a tech billionaire to join his private facility on a Caribbean island to investigate extraterrestrial matter on Earth. When they make contact beyond our world, chaos erupts as we’re left to wonder: do they come in peace?',
        'Now Showing'),
       (83, '28 Years Later: The Bone Temple', '01:49:00',
        'https://image.tmdb.org/t/p/w500/kK1BGkG3KAvWB0WMV1DfOx9yTMZ.jpg', '2026-01-14',
        'Dr. Kelson finds himself in a shocking new relationship - with consequences that could change the world as they know it - and Spike''s encounter with Jimmy Crystal becomes a nightmare he can''t escape.',
        'Now Showing'),
       (84, 'Brothers Under Fire', '01:39:00', 'https://image.tmdb.org/t/p/w500/e5EKqk9V7N3w0WvYFhl6wSVrMp0.jpg',
        '2026-04-15',
        'Captain Jordan Wright''s squadron on leave for a wedding in Mexico encounters a murderous cartel. As Jordan tries to lead survivors to safety, war erupts between his squad and the cartel, forcing him into a battle to save his men.',
        'Now Showing'),
       (85, 'Sundutan', '01:10:00', 'https://image.tmdb.org/t/p/w500/2neZgVuY7prWIak5hhNKT53Hk0N.jpg', '2026-03-06',
        'A hole on the wall accidentally connects two women emotionally and physically. Forbidden love, greed, betrayal... what lies beyond the hole? And for how long can they keep covering it up?',
        'Now Showing'),
       (86, 'Ladies First', '01:34:00', 'https://image.tmdb.org/t/p/w500/kjR56Yv17pbjTVBTMjqepvcus4f.jpg', '2026-05-21',
        'An arrogant but charismatic ladies'' man finds his life of money, power and casual flings upended when he wakes up in a parallel world dominated by women.',
        'Now Showing'),
       (87, '7 Dogs', '02:03:00', 'https://image.tmdb.org/t/p/w500/66n5bB6iYTWsWMz0mh3Qv7qmzIJ.jpg', '2026-05-27',
        'Interpol agent Khalid Al-Azzazi joins forces with Ghali Abu Dawood from the 7 Dogs crime syndicate to fight drug trafficking.',
        'Now Showing'),
       (88, 'The Rip', '01:53:00', 'https://image.tmdb.org/t/p/w500/4wsYWH73Hb1B6noGIFaRQSAkuXj.jpg', '2026-01-13',
        'Trust frays when a team of Miami cops discovers millions in cash inside a run-down stash house, calling everyone — and everything — into question.',
        'Now Showing'),
       (89, 'Balls Up', '01:44:00', 'https://image.tmdb.org/t/p/w500/xwvJ3WzdJ1OCuDoY8LAxBUlQyig.jpg', '2026-04-15',
        'Two marketing executives go "balls out" and pitch a bold full‑coverage condom sponsorship with the World Cup. After their drunken celebration in Brazil sparks a global scandal, they must outrun furious fans, criminals, and power-hungry officials to salvage their careers and make it home alive.',
        'Now Showing'),
       (90, 'Rise of the Conqueror', '01:59:00', 'https://image.tmdb.org/t/p/w500/9cRE0DsM6CNIiY9Ah3cd8oc3n1Y.jpg',
        '2026-04-09',
        'In the 14th-century, as the Silk Road crumbles and rival factions tear the land apart, fearless warrior Timur emerges from exile. Stripped of everything, he fights to unite the fractured kingdoms, using strategy and sheer will to carve an empire from chaos. Undefeated in battle and widely regarded as one of history’s greatest military leaders and tacticians, not to mention one of its most brutal, Timur would found the Timurid Empire, which ruled ',
        'Now Showing'),
       (91, 'The Mortuary Assistant', '01:31:00', 'https://image.tmdb.org/t/p/w500/72AoFPC5TY4DfJwXXS9rPwPeReD.jpg',
        '2026-02-13',
        'Rebecca Owens, a recent mortuary science graduate takes a night shift job at River Fields Mortuary. Initially, the job seems straightforward — embalming bodies, completing paperwork, and keeping things tidy. But once Rebecca starts working the night shift, things take a dark turn.',
        'Now Showing'),
       (92, 'Peaky Blinders: The Immortal Man', '01:52:00',
        'https://image.tmdb.org/t/p/w500/gRMalasZEzsZi4w2VFuYusfSfqf.jpg', '2026-03-05',
        'After his estranged son gets embroiled in a Nazi plot, self-exiled gangster Tommy Shelby must return to Birmingham to save his family — and his nation.',
        'Now Showing'),
       (93, 'Kartavya', '01:49:00', 'https://image.tmdb.org/t/p/w500/2I689w0K02r5oXawo08W8yNYIzx.jpg', '2026-05-15',
        'With his family''s safety at stake and menacing threats closing in, a police officer must decide how far he''ll go to uphold his duty.',
        'Now Showing'),
       (94, 'Mexican Psycho', '01:39:00', 'https://image.tmdb.org/t/p/w500/7tIgfsTWuzXKR2kLRUPrLRTbcuo.jpg',
        '2026-03-19',
        'Follows an "ultra-violent and intelligent" psychopath who challenges the police by leaving a white paper rabbit at each crime scene, connecting them all.',
        'Now Showing'),
       (95, 'Return to Silent Hill', '01:46:00', 'https://image.tmdb.org/t/p/w500/mdw7bSnE11WpwWf3ViXtnavuqiT.jpg',
        '2026-01-21',
        'When James receives a mysterious letter from his lost love Mary, he is drawn to Silent Hill—a once-familiar town now consumed by darkness. As he searches for her, James faces monstrous creatures and unravels a terrifying truth that will push him to the edge of his sanity.',
        'Now Showing'),
       (96, '"Wuthering Heights"', '02:16:00', 'https://image.tmdb.org/t/p/w500/3YBce6dTh1D5oCMITXk2S5QhPt.jpg',
        '2026-02-11',
        'Tragedy strikes when Heathcliff falls in love with Catherine Earnshaw, a woman from a wealthy family in 18th-century England.',
        'Now Showing'),
       (97, 'The Pout-Pout Fish', '01:31:00', 'https://image.tmdb.org/t/p/w500/fcDXgGL14qL46It1XOozEjX5Jws.jpg',
        '2026-01-01',
        'Living on a rundown shipwreck, Mr. Fish one day discovers a hyperactive young sea dragon Pip – who had mistaken his home for a junkyard – pilfering his belongings. The heated argument that ensues leaves both their houses in ruin. But there is hope! Embarking on a seemingly impossible quest in search of the mythical ''Shimmer'' to grant them a wish, there’s only one problem: someone else is on the hunt...',
        'Now Showing'),
       (98, 'Protector', '01:30:00', 'https://image.tmdb.org/t/p/w500/icOZpnGuH9YrEaW3wrw5GJaXGih.jpg', '2026-02-20',
        'Nikki''s life is shattered when her daughter is kidnapped. Thrust into the criminal underworld while hunted by cops and military, she must fight to rescue her child.',
        'Now Showing'),
       (99, 'Raja Shivaji', '03:07:00', 'https://image.tmdb.org/t/p/w500/hljQF3Ly6PzQe7iaNs9fmFuBYWj.jpg', '2026-05-01',
        'Chronicles the rise of young Shivaji Bhonsale, who challenged the might of established empires to found the Maratha kingdom and lay the groundwork for ''Swarajya'' (self-rule) during a turbulent period of Indian history.',
        'Now Showing'),
       (100, 'Pretty Lethal', '01:30:00', 'https://image.tmdb.org/t/p/w500/znTPnXCK3lEQJgqXCvP7e5FUz6f.jpg',
        '2026-03-13',
        'A troupe of ballerinas find themselves fighting for survival as they attempt to escape from a remote inn after their bus breaks down on the way to a dance competition.',
        'Now Showing') ON CONFLICT (id) DO NOTHING;
INSERT INTO movies (id, title, duration, poster, release_date, synopsis, category)
VALUES (101, 'A Family of Bastards', '01:45:00', 'https://image.tmdb.org/t/p/w500/zuiZDJcjlNWB6EcXHer06u9BQke.jpg',
        '2026-06-12',
        'After the death of his father, Mohamed discovers the living of a step-brother and a step-sister. Together, they must manage the suspicious bar they inherited of linked to criminality, drug traffic and prostitution.',
        'Now Showing'),
       (102, 'Passenger', '01:34:00', 'https://image.tmdb.org/t/p/w500/2sOEJzhPzjTkZSlPbGxOJ7xgIyS.jpg', '2026-05-20',
        'After a young couple witnesses a gruesome highway accident, they soon realize they did not leave the crash scene alone, as a demonic presence called the Passenger that won''t stop until it claims them both turns their van life adventure into a nightmare.',
        'Now Showing'),
       (103, 'Drishyam 3', '02:37:00', 'https://image.tmdb.org/t/p/w500/456FlpiU1iOBnaOxSd783QhZKWw.jpg', '2026-05-21',
        'To protect his family and their dark secret, Georgekutty faces an organized new threat. As walls close in and cracks widen, how much more is he willing to sacrifice ?',
        'Now Showing'),
       (104, 'Tuner', '01:47:00', 'https://image.tmdb.org/t/p/w500/kyM60vcgf7lfofmZB4F5Rj7OrHW.jpg', '2026-05-21',
        'A talented piano tuner''s life is turned upside down when he discovers that his meticulous skills for tuning pianos can equally be applied to cracking safes.',
        'Now Showing'),
       (105, 'Mike & Nick & Nick & Alice', '01:47:00',
        'https://image.tmdb.org/t/p/w500/7F0jc75HrSkLVcvOXR2FXAIwuEv.jpg', '2026-03-14',
        'Two gangsters and the woman they love try to survive the most dangerous night of their lives. As if that wasn’t enough, there’s one wild ingredient added to the mix: a time machine.',
        'Now Showing'),
       (106, 'Minions & Monsters', '01:30:00', 'https://image.tmdb.org/t/p/w500/nz7i42yhLIJ4ve9JKgM6NthoLHO.jpg',
        '2026-06-24',
        'This is the rambunctious, ridiculous and totally true story of how the Minions conquered Hollywood, became movie stars, lost everything, unleashed monsters onto the world and then banded together to try and save the planet from the mayhem they had just created.',
        'Now Showing'),
       (107, 'Starbright', '02:28:00', 'https://image.tmdb.org/t/p/w500/m1Zl07DNYeSyNcz9hf8hDsS2oB5.jpg', '2026-02-27',
        'A young woman becomes the guardian of a fallen star, which she must protect from dangerous forces with the help of a brave stranger.',
        'Now Showing'),
       (108, 'Fuze', '01:36:00', 'https://image.tmdb.org/t/p/w500/oMFdQE5hMJ9JjhNORegwTo0GKmh.jpg', '2026-03-23',
        'An unexploded WWII bomb is discovered on a busy construction site in the centre of London. Chaos ensues as the military and police begin a mass evacuation against a ticking clock.',
        'Now Showing'),
       (109, 'Border 2', '03:21:00', 'https://image.tmdb.org/t/p/w500/AmrCgmDPEJ6QxllS1rhjYwgO9Wb.jpg', '2026-01-23',
        'Three idealistic soldiers in the Indian army, navy and air force face grueling combat conditions in this film set during the 1971 Indo-Pak war.',
        'Now Showing'),
       (110, 'Love Me Love Me', '01:39:00', 'https://image.tmdb.org/t/p/w500/jfwHKRHRE2X4NTexdzblaioHH51.jpg',
        '2026-02-12',
        'After her brother''s death, June moves to Milan for a fresh start, finding comfort in Will, the perfect honor student at her new international school. But when his troubled best friend James—hiding a dangerous life in clandestine MMA fights—sparks a rivalry that quickly turns into irresistible attraction, June must choose between safety and a love that upends everything she thought she wanted.',
        'Now Showing'),
       (111, 'Mercy', '01:39:00', 'https://image.tmdb.org/t/p/w500/pyok1kZJCfyuFapYXzHcy7BLlQa.jpg', '2026-01-19',
        'In the near future, a detective stands on trial accused of murdering his wife. He has ninety minutes to prove his innocence to the advanced AI Judge he once championed, before it determines his fate.',
        'Now Showing'),
       (112, 'Good Luck, Have Fun, Don''t Die', '02:14:00',
        'https://image.tmdb.org/t/p/w500/rWcfOdY7TU6lTdazWj0ebDZnAfO.jpg', '2026-02-13',
        'A ''Man from the Future'' arrives at an LA diner where he must recruit the precise combination of disgruntled patrons to join him on a one-night quest to save the world from the terminal threat of a rogue artificial intelligence.',
        'Now Showing'),
       (113, 'Scandal Queen', '01:11:00', 'https://image.tmdb.org/t/p/w500/45A4e9Z7yA2zvFJH5DDlr7aBQlm.jpg',
        '2026-06-05',
        'An erotic thriller about Mara, a woman who seduces celebrities and influencers to secretly film and blackmail them for money. But when love enters the picture, her dangerous scheme begins to fall apart.',
        'Now Showing'),
       (114, 'Vaazha II', '02:42:00', 'https://image.tmdb.org/t/p/w500/1yLZ7kExd0UGGbaZW4LxmYD4OIf.jpg', '2026-04-02',
        'Four friends – Hashir, Alan, Ajin and Vinayak – are considered losers and troublemakers by parents, family and the school management. They face immense social pressure as they reach adulthood, embarking them on an emotional journey of self discovery and acceptance, where they finally learn to take up their responsibilities and find success.',
        'Now Showing'),
       (115, 'Thrash', '01:24:00', 'https://image.tmdb.org/t/p/w500/adk8weka3O5648g3de4z3y4aE7G.jpg', '2026-04-10',
        'When a Category 5 hurricane decimates a coastal town, the storm surge brings devastation, chaos, and something far more frightening onto shore: hungry sharks.',
        'Now Showing'),
       (116, 'Satan - The Dark', '02:24:00', 'https://image.tmdb.org/t/p/w500/uFjy89xe1Us6iRfdsKAn05Y1XGX.jpg',
        '2026-03-27',
        'Set in the fictional village of Asthinapuram, near Tamil Nadu–Kerala border, When Alisha and her mother desperate to escape the cursed land long belongs to colonial-era witchcraft and black magic, they find themselves spiraling into a deeper sinister. With only Alisha’s boyfriend standing by them, the trio must confront the horrors that dwell in silence… and the curse that refuses to be outrun.',
        'Now Showing'),
       (117, 'Sex Trip', '01:15:00', 'https://image.tmdb.org/t/p/w500/oVyD6sX6Vr5Ej8X1DLrs12zG40Y.jpg', '2026-02-20',
        'On a final trip after college graduation, five friends go on a hiking trip and discover a mystical cave that unleashes forbidden desires within them, igniting a night of uninhibited passion, partner-swapping, and raw sexual exploration leaving them forever changed.',
        'Now Showing'),
       (118, 'Whistle', '01:40:00', 'https://image.tmdb.org/t/p/w500/vgonf5kGsiijUBjzxKTvechhT28.jpg', '2026-01-20',
        'A misfit group of unwitting high school students stumble upon a cursed object, an ancient Aztec Death Whistle. They discover that blowing the whistle and the terrifying sound it emits will summon their future deaths to hunt them down.',
        'Now Showing'),
       (119, 'The Strangers: Chapter 3', '01:32:00', 'https://image.tmdb.org/t/p/w500/yPHwX78mcwJw3I6YOJ9qh2wQBFr.jpg',
        '2026-02-05',
        'Tethered by a frightening conclusion, Maya and the Strangers are locked on an unavoidable, unforgiving collision course — a showdown that proves they’re far from strangers now.',
        'Now Showing'),
       (120, 'Moana', '02:00:00', 'https://image.tmdb.org/t/p/w500/bzHHSpbV7uSkNfYsXRoBKxD1P8Y.jpg', '2026-07-08',
        'Moana answers the Ocean''s call and, for the first time, voyages beyond the reef of her island of Motunui with the infamous demigod Maui on an unforgettable journey to restore prosperity to her people.',
        'Now Showing'),
       (121, 'Check-In', '02:00:00', 'https://image.tmdb.org/t/p/w500/r7tXZoO3rfkOpYQPCXftwugwny9.jpg', '2026-05-01',
        'VMX hottest star Aliya Raymundo teams up with sexy siren Anya Austria as two receptionists in a cheap motel. Their quiet routine heats up with the arrival of a mysterious regular guest who begins to stir tension, desire, and conflict in their fragile relationship.',
        'Now Showing'),
       (122, 'Propeller One-Way Night Coach', '01:00:00',
        'https://image.tmdb.org/t/p/w500/joal4OSVC4T1yFb3kph91tkNNFf.jpg', '2026-05-15',
        'During the golden age of aviation, a young airplane enthusiast and his mother embark on a cross-country journey to Hollywood—and their simple flight transforms into the trip of a lifetime.',
        'Now Showing'),
       (123, 'Hellfire', '01:34:00', 'https://image.tmdb.org/t/p/w500/tQti9QTf13MfzNpXguijgNh7ojE.jpg', '2026-05-14',
        'A drifter with a mysterious past arrives in a small town and finds the residents in the grip of a ruthless crime boss and realizes he has to help them.',
        'Now Showing'),
       (124, 'Normal', '01:31:00', 'https://image.tmdb.org/t/p/w500/g8JqVRu2eC5SGJd9idauTXurMl2.jpg', '2026-04-16',
        'An unassuming substitute sheriff with a troubled past responds to a bank robbery in a small, sleepy town and unknowingly uncovers something far more explosive.',
        'Now Showing'),
       (125, 'The Bride!', '02:07:00', 'https://image.tmdb.org/t/p/w500/lV8YHwGkYZsm6EfIqnhaSz2avKt.jpg', '2026-03-04',
        'A lonely Frankenstein travels to 1930s Chicago to ask groundbreaking scientist Dr. Euphronious to create a companion for him. The two revive a murdered young woman and The Bride is born. But what ensues is beyond what either of them imagined.',
        'Now Showing'),
       (126, 'Crush The Wicked', '02:00:00', 'https://image.tmdb.org/t/p/w500/o4Bq8KtU9hNdxPQOQFlgOC82HRp.jpg',
        '2026-03-20',
        'A detective and a vengeful survivor hunt a fugitive serial killer who resurfaces to commit one last desperate crime.',
        'Now Showing'),
       (127, 'Ginny Wedss Sunny 2', '02:14:00', 'https://image.tmdb.org/t/p/w500/8lovlbsow4B5KbznLYDNky8usgc.jpg',
        '2026-04-24',
        'A mismatched pair, with a storyline involving a wrestler and a vibrant girl, combining romance, comedy, and drama.',
        'Now Showing'),
       (128, 'Reminders of Him', '01:54:00', 'https://image.tmdb.org/t/p/w500/7L6rceYgzQ0NeHD7PRDNrRoQ291.jpg',
        '2026-03-11',
        'When Diem''s custodial grandparents adamantly refuse Kenna''s attempts to see her daughter, Kenna discovers unexpected compassion, and then something truer and deeper, with former NFL player and local bar owner Ledger. As their secret romance develops, so do the dangers for both of them, leading Kenna toward heartbreak and, ultimately, the hope for a second chance.',
        'Now Showing'),
       (129, 'How to Make a Killing', '01:45:00', 'https://image.tmdb.org/t/p/w500/kw7x5mSmHhoeeqwXLwXTBsofD1N.jpg',
        '2026-02-16',
        'Disowned at birth by his obscenely wealthy family, blue-collar Becket Redfellow will stop at nothing to reclaim his inheritance, no matter how many relatives stand in his way.',
        'Now Showing'),
       (130, 'The Stain', '01:45:00', 'https://image.tmdb.org/t/p/w500/vPxVvwMduxySggqEyHpwQNtjbx6.jpg', '2026-02-26',
        'When Malee, a young woman with a dark past, is drawn by fate to an apartment where she must confront haunting memories from her childhood, she encounters Pran, a botanist, a tea blending master, and the founder of a Thai floral tea brand.',
        'Now Showing'),
       (131, 'Humint', '02:00:00', 'https://image.tmdb.org/t/p/w500/82bX2GK4PhaJQtfkTnfmd2P7erG.jpg', '2026-02-11',
        'A South Korean agent hunts a drug ring in Russia and goes head-to-head with a North Korean operative — pulling both into peril and tangled secrets.',
        'Now Showing'),
       (132, 'The Internship', '01:31:00', 'https://image.tmdb.org/t/p/w500/fYqSOkix4rbDiZW0ACNnvZCpT6X.jpg',
        '2026-01-13',
        'A CIA-trained assassin recruits other graduates from her secret childhood program, The Internship, to violently destroy the organization. The CIA fights back with deadly force.',
        'Now Showing'),
       (133, 'God''s Shirt', '02:00:00', 'https://image.tmdb.org/t/p/w500/jzhMm3R8slLP806k0xx4izuGENW.jpg',
        '2026-04-09',
        'During the 1986 World Cup in Mexico, in the legendary match between Argentina and England, Diego Maradona scored two unforgettable goals in a game that meant more than sport for a nation scarred by the Falklands War. Decades later, when the jersey he used in the match is auctioned, a humble kit man shaped by profound loss sets out on a final journey that forces him to confront his past and his broken relationship with his daughter.',
        'Now Showing'),
       (134, 'Marsupilami', '01:39:00', 'https://image.tmdb.org/t/p/w500/rJNHFa07Id2ylQgw0ttzGwpeczE.jpg', '2026-02-04',
        'David is tasked to deliver a mysterious package from South America, only to find out he is carrying a baby Marsupilami!',
        'Now Showing'),
       (135, 'Time of Death', '01:47:00', 'https://image.tmdb.org/t/p/w500/fmZL9audPDZGrX6yTX3hDFbIC2q.jpg',
        '2026-06-12',
        'When a prisoner vanishes without a trace, Detective Frank Morley (Michael Kelly) is sent to a decaying prison on the verge of shutdown. What begins as a routine investigation quickly spirals into a dangerous search for answers.',
        'Now Showing'),
       (136, 'The End of Oak Street', '01:50:00', 'https://image.tmdb.org/t/p/w500/60bRdW7JTXTaSMFgLHjcoS1fXHh.jpg',
        '2026-08-12',
        'After a mysterious cosmic event rips Oak Street from suburbia and transports their neighborhood to someplace unknown, the Platt family soon discovers that their very survival depends on them sticking together as they navigate their now unrecognizable surroundings.',
        'Now Showing'),
       (137, 'Is God Is', '01:40:00', 'https://image.tmdb.org/t/p/w500/h4WzpIjTiOXwUna2lvEvfsp8jDM.jpg', '2026-05-14',
        'Two sisters embark on an epic quest for revenge, confronting a charged family history that pushes them to extraordinary lengths.',
        'Now Showing'),
       (138, 'Hayok', '02:00:00', 'https://image.tmdb.org/t/p/w500/i4FFY9mskUpJLnLXQwZSTn3f1Ek.jpg', '2026-05-15',
        'A feisty thriller about a fiercely independent woman who becomes the obsession of a contractor desperate to possess her. But when betrayal turns violent, she strikes back with a revenge that destroys his pride and control.',
        'Now Showing'),
       (139, 'Vampires of the Velvet Lounge', '01:45:00',
        'https://image.tmdb.org/t/p/w500/4uJcIW0PL4vNZvk0z6kwWdOqLv6.jpg', '2026-03-20',
        'A group of vampires confronts the challenges of adapting to contemporary society while grappling with their own mortality, all while engaged in a conflict with a dangerous enemy.',
        'Now Showing'),
       (140, 'Good Boy', '01:50:00', 'https://image.tmdb.org/t/p/w500/nXWewAZxRAr9jYNe2uypLlyPehl.jpg', '2026-03-06',
        'Tommy, a volatile 19-year-old, revels in drugs, parties and violence. After getting separated from his friends on a drunken bender, he is abducted by a shadowy figure. He wakes to find himself imprisoned in the basement of a remote Yorkshire house, inhabited by a very strange family. But what unfolds is not what he could possibly expect.',
        'Now Showing'),
       (141, 'Tuklas', '02:00:00', 'https://image.tmdb.org/t/p/w500/pJiNDWSEguOY8m5x2vbgnl9DPme.jpg', '2026-03-20',
        'The first Bisaya VMX Original stars true-blooded Bisaya Skye Gonzaga. When IT officer Chris Alvarado uncovers a financial scandal at work, he faces a moral dilemma: exposing the truth or giving in to Anna, a seductive sales manager promising success and intimacy.',
        'Now Showing'),
       (142, 'Alas Roban', '01:51:00', 'https://image.tmdb.org/t/p/w500/84Az3SHKRJDg971KQ0j9nZWYTcf.jpg', '2026-01-15',
        'The lives of Sita and her daughter, Gendis, change after a terrifying night. Their journey through Alas Roban is filled with fear and relentless terror. Can they uncover what''s happening there?',
        'Now Showing'),
       (143, 'System', '02:04:00', 'https://image.tmdb.org/t/p/w500/ddSTqsxOoXs77xnKpP7XBPqiero.jpg', '2026-05-22',
        'When Neha Rajvansh, a privileged public prosecutor, meets Sarika Rawat, a courtroom stenographer from a humble background, their lives are thrown into upheaval where power defines truth, blurring the system and raising a question of what justice truly means to them.',
        'Now Showing'),
       (144, 'Faces of Death', '01:37:00', 'https://image.tmdb.org/t/p/w500/vPVY3S57lEooBLJCg6KGdMHkUxm.jpg',
        '2026-04-10',
        'A woman, employed as a website content moderator, comes across a series of violent videos reproducing death scenes from a film.',
        'Now Showing'),
       (145, 'Tu Yaa Main', '02:25:00', 'https://image.tmdb.org/t/p/w500/nUPnA0I1MTaZRVCsUQc5DS5JA8W.jpg', '2026-02-11',
        'A wannabe rapper from the outskirts of Mumbai and an affluent influencer elope to a coastal town, only to find themselves trapped in the pool of a derelict resort fighting for survival against the wrath of a ferocious crocodile.',
        'Now Showing'),
       (146, 'The Breadwinner', '01:40:00', 'https://image.tmdb.org/t/p/w500/4apG9Xk6HQvV48JKEjSUeiebju7.jpg',
        '2026-05-29',
        'After his wife Katie lands a once-in-a-lifetime deal on Shark Tank that takes her on a prolonged business trip - lifelong breadwinner Nate Wilcox now has to fend for his family as a first-time stay-at-home dad.',
        'Now Showing'),
       (147, 'Roommates', '01:48:00', 'https://image.tmdb.org/t/p/w500/2rqcNmdsTgcXyf59IRduKN4nt8z.jpg', '2026-04-13',
        'When shy college freshman Devon asks cool-girl Celeste to be her roommate, a blossoming friendship quickly spirals into a war of passive aggression.',
        'Now Showing'),
       (148, 'Ishqa''n De Lekhe', '02:23:00', 'https://image.tmdb.org/t/p/w500/eky8n1Xu5oMDe4iu4pKFCdStHkt.jpg',
        '2026-03-06',
        'Starring the sensational Gurnam Bhullar alongside the stunning Isha Malviya, this Punjabi cinema is crafted for every soul that has ever loved deeply. Directed by the talented Manvir Brar, Ishqa''n De Lekhe is set to redefine Punjabi romance on the big screen.',
        'Now Showing'),
       (149, '¿Quieres ser mi novia?', '01:37:00', 'https://image.tmdb.org/t/p/w500/oscW8xV8EhRYj7iAhyVlBohKqxo.jpg',
        '2026-02-12',
        'Javi and Lu''s relationship faces dangerous territory as old and new temptations emerge: a young woman reigniting Javi''s chemistry and a mature man pursuing Lu. Through humor, entanglements, and surprises, their love is tested.',
        'Now Showing'),
       (150, 'Mardaani 3', '02:11:00', 'https://image.tmdb.org/t/p/w500/dHxLBtHw4InwsVumnthupZYz6NM.jpg', '2026-01-30',
        'Officer Shivani Shivaji Roy returns to hunt down those behind the disappearance of young girls, risking everything to bring them back alive.',
        'Now Showing') ON CONFLICT (id) DO NOTHING;
INSERT INTO movies (id, title, duration, poster, release_date, synopsis, category)
VALUES (151, 'The Passenger', '01:33:00', 'https://image.tmdb.org/t/p/w500/i9XqCdF0jrgqveYUaLjOSiRepIq.jpg',
        '2026-06-05',
        'Hassan, a Somali-American airport shuttle driver in Minneapolis, is struggling to make ends meet. When Lloyd, a stranded twenty-something at the airport, offers to pay Hassan to take him overland to Chicago, it seems worth the risk. But as the realization grows that his passenger is not what he seems, Hassan finds himself trapped in a terrifying ride that he can’t escape, knowing that saving himself might put countless others in danger.',
        'Now Showing'),
       (152, 'Bonolota Express', '02:33:00', 'https://image.tmdb.org/t/p/w500/h6nITbbSobZ0EwU6Dcw6LGZOZYA.jpg',
        '2026-03-21',
        'On a foggy winter journey, the Bonolota Express carries strangers burdened by secrets whose lives begin to collide within the train’s confined corridors. As the night unfolds, personal and political crises erupt, exposing hidden grief, moral decay, and moments of unexpected compassion amid chaos and revolt. By dawn, the train moves on, leaving its passengers irrevocably changed by a single journey where illusions collapse and human truths emerge.',
        'Now Showing'),
       (153, 'Chardikala', '02:20:00', 'https://image.tmdb.org/t/p/w500/haTgVHRQ1pfCwIiU8MDI2qt30HV.jpg', '2026-05-29',
        'The film follows story of Bibi Bimal Kaur a mother and a wife who is falsely implicated in a major incident, leading to her being abandoned by society. She finds refuge in Punjab, where she moves from being a victim to a leader.',
        'Now Showing'),
       (154, 'Rocky''s Cat-astrophe', '00:44:00', 'https://image.tmdb.org/t/p/w500/pqfkJh0CyF00GvR4NIdvJYkJb2F.jpg',
        '2026-02-27',
        'When one of Humdinger''s schemes goes awry, a Junkyard Kitten''s home is destroyed and Rocky bites off more than he can chew when he invites the kitten to stay at the Lookout overnight. While the kitten causes more trouble than expected, Rocky learns that even heroes need help.',
        'Now Showing'),
       (155, 'Ice Cream Man', '02:00:00', 'https://image.tmdb.org/t/p/w500/c987gxFjXqYOxZEZKcTkS1ONTWH.jpg',
        '2026-08-05',
        'An idyllic summer town descends into madness when an ice cream man serves kids sweet delights with horrifying results.',
        'Now Showing'),
       (156, 'Pressure', '01:40:00', 'https://image.tmdb.org/t/p/w500/9RkDrI8V8QJBjhtyRX7y6Qow3aq.jpg', '2026-05-25',
        'In the tense 72 hours before D-Day, and the fate of the free world hanging in the balance, General Dwight D. Eisenhower and Captain James Stagg face an impossible choice—launch the largest and most dangerous seaborne invasion in history or risk losing the war altogether.',
        'Now Showing'),
       (157, 'Momacu', '02:09:00', 'https://image.tmdb.org/t/p/w500/5y8TWMT7ebnqk0ehT1zHPvKN9n9.jpg', '2026-06-04',
        'On a freezing winter night in rural Haryana, three men steal an ATM and hide it in a tube well room. Overnight, mistrust and chaos shatter their desperate plan.',
        'Now Showing'),
       (158, 'Doraemon the Movie: New Nobita and the Castle of the Undersea Devil', '01:42:00',
        'https://image.tmdb.org/t/p/w500/j0n3oaUqbig4Gb0yG1GPrb2KRyl.jpg', '2026-02-27',
        'Nobita and friends finds a secret underwater castle packed with mysteries and riches. With Doraemon''s high-tech gadgets, they dive into an ocean adventure mixing humor, teamwork, and imagination in a breathtaking aquatic world.',
        'Now Showing'),
       (159, 'Cold Storage', '01:39:00', 'https://image.tmdb.org/t/p/w500/3HA2iiq982e01EKXJvPFyfMADVM.jpg',
        '2026-01-22',
        'When a mutating, highly contagious fungus escapes a sealed facility, two employees – joined by a grizzled bioterror operative – must survive the wildest night shift ever to save humanity from extinction.',
        'Now Showing'),
       (160, 'The King''s Warden', '01:57:00', 'https://image.tmdb.org/t/p/w500/3CnVA1jAA64Q3qNVAW8DekCu19b.jpg',
        '2026-02-04',
        'In a remote mountain village of 15th-century Joseon, humble headman Heung-do hears a rumor that any village hosting an exiled nobleman will be blessed with abundance and fortune. Hoping to bring prosperity to his impoverished community, he eagerly submits a petition to host one—unaware that his guest is none other than the fallen monarch, deposed boy-king Danjong.',
        'Now Showing'),
       (161, 'Primate', '01:29:00', 'https://image.tmdb.org/t/p/w500/rKleYiEj4pFqxedTRWfujLooi84.jpg', '2026-01-01',
        'College student Lucy and her friends spend their vacation at her family''s home in Hawaii, which includes her pet chimpanzee, Ben. However, when Ben contracts rabies after being bitten by a rabid animal, the group must fight for their lives in order to avoid the now-violent chimp.',
        'Now Showing'),
       (162, 'Krishnavataram Part 1: The Heart (Hridayam)', '02:29:00',
        'https://image.tmdb.org/t/p/w500/7AxJYvPWLlNiGH52A9eenDxQzu8.jpg', '2026-05-07',
        'An epic devotional narrative that reimagines the journey of Lord Krishna, tracing his path from Dwarka to Kurukshetra after parting ways with Radha. As his journey unfolds, it explores his connection with people, his layered personality, and the lessons he imparts about love and life.',
        'Now Showing'),
       (163, 'Power Ballad', '01:39:00', 'https://image.tmdb.org/t/p/w500/lsDLLagSIyTu0Gi06QjVKDp2LI2.jpg',
        '2026-05-18',
        'When Rick, a past-his-prime wedding singer, meets fading boy-band star Danny during a gig, the two bond over music and a late-night jam session. But when Danny turns one of Rick’s songs into the hit that reignites his career, Rick sets out to reclaim the recognition he believes he deserves - even if it means risking everything he cares about.',
        'Now Showing'),
       (164, 'Ghost in the Cell', '01:46:00', 'https://image.tmdb.org/t/p/w500/gF6Ijrq5bixh4qemCuroRwXtbBc.jpg',
        '2026-04-16',
        'A notorious prison, an invisible force begins killing inmates brutally, compelling enemy gangs and corrupt guards to work together as they try to survive the mounting bloodshed.',
        'Now Showing'),
       (165, 'Thieves Highway', '01:23:00', 'https://image.tmdb.org/t/p/w500/78B66xBCgmnh88d10B85uFjC88V.jpg',
        '2026-05-10',
        'After discovering a plot to haul stolen cattle in the middle of nowhere, a desperate and isolated lawman becomes the only thing standing between a group of dangerous rustlers and a clear run to the border.',
        'Now Showing'),
       (166, 'Sambhavam Adhyayam Onnu', '02:07:00', 'https://image.tmdb.org/t/p/w500/4ASKGsPMbzChx0YX5Pqc9HFXQm3.jpg',
        '2026-03-06',
        'Three Kerala Police officers venture into a mysterious forest on the Kerala-Tamil Nadu border to find a missing officer. They encounter strange time-related phenomena, uncovering the hidden secrets of Velloorkkatt forest.',
        'Now Showing'),
       (167, 'Speed Demon', '01:33:00', 'https://image.tmdb.org/t/p/w500/1qeO6qbbOXFkwN19aCWQAlmpbHQ.jpg', '2026-05-20',
        'Aboard a high-speed train, a Nun who lost her faith must perform her first Exorcism on a possessed passenger hellbent on crashing the runaway train.',
        'Now Showing'),
       (168, 'Bodycam', '01:15:00', 'https://image.tmdb.org/t/p/w500/xFpBNcG3Dlr8mYF5Kz9Tizs3Pxn.jpg', '2026-03-12',
        'A call to a quiet suburban home unleashes unthinkable carnage when two officers mistakenly shoot a man and his infant child, spiraling the tragedy into a fierce, unrelenting fall into the unknown.',
        'Now Showing'),
       (169, 'The Whisper', '01:41:00', 'https://image.tmdb.org/t/p/w500/mm5uTCD55btSNijo7ApFhdeFCGS.jpg', '2026-01-22',
        'Fleeing from their violent father, siblings Lucía and Adrián take refuge in a remote mansion. With the help of a hidden micro-camera on a cat, Lucía uncovers a terrifying secret: their neighbors are part of a criminal network that kidnaps teenage girls to make snuff films, and they intend to get rid of the siblings. As Lucía fights to protect her brother, she must face a dark family curse that follows them into their newfound sanctuary.',
        'Now Showing'),
       (170, 'undertone', '01:34:00', 'https://image.tmdb.org/t/p/w500/2PFgFMnrdCPXWiZl1PUvky7Mo9D.jpg', '2026-03-12',
        'The host of a popular paranormal podcast becomes haunted by terrifying recordings mysteriously sent her way.',
        'Now Showing'),
       (171, 'Mother Mary', '01:52:00', 'https://image.tmdb.org/t/p/w500/qMgUI6pxkPtIuoXX4DcJ6X7bdt2.jpg', '2026-04-16',
        'Long-buried wounds rise to the surface when iconic pop star Mother Mary reunites with her estranged best friend and former costume designer Sam Anselm on the eve of her comeback performance.',
        'Now Showing'),
       (172, '180', '01:34:00', 'https://image.tmdb.org/t/p/w500/9ISjrhA38HpSSGtfiCk8lpziC3K.jpg', '2026-04-16',
        'When an unexpected road rage incident puts his son in critical condition, an enraged father spirals down a dark path of emotional turmoil and vengeance.',
        'Now Showing'),
       (173, 'Outcome', '01:24:00', 'https://image.tmdb.org/t/p/w500/kSzcpfbTy2pXHGvrVU2WhQTo6oU.jpg', '2026-04-06',
        'Reef Hawk, Hollywood''s poster child since age six, is not okay. When he learns about an extortion plot tied to a mysterious video, Reef preemptively sets out on a redemption tour to make amends, confront his demons, and avoid getting canceled.',
        'Now Showing'),
       (174, 'Detective Conan: Fallen Angel of the Highway', '01:49:00',
        'https://image.tmdb.org/t/p/w500/p1RaB4tvdPg49IlfIdI333ChtGs.jpg', '2026-04-10',
        'The 29th Detective Conan film will center on Chihaya Hagiwara, a member of the Kanagawa Prefectural Police and the leader of its motorcycle division.',
        'Now Showing'),
       (175, 'The Wizard of the Kremlin', '02:16:00', 'https://image.tmdb.org/t/p/w500/85EYON4oXVYTPdMuW5q5ELQLU88.jpg',
        '2026-01-21',
        'In the chaos of post-Soviet Russia, rising KGB officer Vladimir Putin joins forces with master manipulator Vadim Baranov to reshape life behind the Iron Curtain, using violence and deception to change the world forever.',
        'Now Showing'),
       (176, 'Ikatan Darah', '01:59:00', 'https://image.tmdb.org/t/p/w500/lF9amilOGIudUIq6NgDnz2YrPPa.jpg',
        '2026-04-30',
        'A former martial arts athlete must face a network of loan sharks to save her younger brother, who is trapped in online gambling debt and risking their family’s safety.',
        'Now Showing'),
       (177, 'Blue Film', '01:22:00', 'https://image.tmdb.org/t/p/w500/7wECL45CnlFWsiadBHwArgVJ1nL.jpg', '2026-05-08',
        'Drawn by the promise of easy money and anonymous sex, queer camboy Aaron Eagle is shocked to discover a personal connection with the mysterious stranger who has paid for his company. Over the course of one night, the two men engage in a war of words and emotions as they wrestle with the impact of a tainted and shared past.',
        'Now Showing'),
       (178, 'Desert Warrior', '02:07:00', 'https://image.tmdb.org/t/p/w500/waxnw1NpzTPY5JkqWvu0muSopRJ.jpg',
        '2026-04-23',
        'In 7th-century Arabia, Princess Hind becomes a warrior to defy the ruthless Emperor Kisra. Forged into a warrior and aided by legendary bandit Hanzala, Hind unites warring tribes for a last stand—the historic Battle of Dhi Qar—that will change history.',
        'Now Showing'),
       (179, 'Hope', '02:40:00', 'https://image.tmdb.org/t/p/w500/1n37BJchWHLiSYQkuFxe5KjB951.jpg', '2026-07-15',
        'In the remote South Korean village of Hope Harbor, police chief Bum-seok and officer Sung-ae are called to investigate a mysterious creature wreaking havoc on the community. But all is not as it seems, and perceptions can be misleading. What begins as ignorance plants the seed of disaster, escalating through human conflict into a tragedy of cosmic proportions.',
        'Now Showing'),
       (180, 'Sagaran', '01:10:00', 'https://image.tmdb.org/t/p/w500/x44TC1EEYDR7Qo6ZGECabsnzkdQ.jpg', '2026-02-06',
        'As female motorcycle racer Mica and her mechanic boyfriend Migo join a motor shop''s team, they try to navigate a new set of complicated relationships that''ll push them to the limit.',
        'Now Showing'),
       (181, 'Ikkis', '02:28:00', 'https://image.tmdb.org/t/p/w500/8PWu0V10nMqG5SrA13wLRXTD2fH.jpg', '2026-01-01',
        'Second Lieutenant and India''s youngest Param Vir Chakra recipient, Arun Khetarpal, gave his life fighting for his battalion and the country during the 1971 Battle of Basantar. Ikkis also takes a reflective look at the futility of war through the eyes of Khetarpal''s father, who visits his ancestral home in Sargodha and Alma Mater for reunion, which now happens to be in post-partition Pakistan, 30 years later.',
        'Now Showing'),
       (182, 'The Crash', '01:35:00', 'https://image.tmdb.org/t/p/w500/veskdPx4YUTmkrFrTs6zRJ8VV4E.jpg', '2026-05-14',
        'A teen slams her car into a building, killing her boyfriend and his friend. What seems like a tragic accident becomes a murder case.',
        'Now Showing'),
       (183, 'Ustaad Bhagat Singh', '02:31:00', 'https://image.tmdb.org/t/p/w500/clkojbDyqCwiMxw0yY5MBjKiqZL.jpg',
        '2026-03-18',
        'A tribal boy is shaped by the values of his teacher, who gives him the name ''Bhagat Singh''. He grows up deeply rooted in strong morals, which guide his actions throughout his life.He stands firm against injustice and takes on powerful evil forces, even when facing overwhelming odds.',
        'Now Showing'),
       (184, 'Slanted', '01:44:00', 'https://image.tmdb.org/t/p/w500/cr2SfN854IlEoZQBtIfpyC0zXR5.jpg', '2026-03-13',
        'An insecure Chinese-American teenager undergoes experimental surgery to appear white, hoping to secure the prom queen title and peer acceptance.',
        'Now Showing'),
       (185, 'Do Deewane Seher Mein', '02:17:00', 'https://image.tmdb.org/t/p/w500/p8yPjT9NAH87oD9TedclRaAW7RY.jpg',
        '2026-02-20',
        'Two socially awkward millennials in Mumbai find love while struggling with self-acceptance. As they battle insecurities and societal pressure, their journey takes them from city chaos to mountain serenity.',
        'Now Showing'),
       (186, 'Abot Langit', '01:10:00', 'https://image.tmdb.org/t/p/w500/5lVYe4aSimWdxJINKwq9s68TZ2G.jpg', '2026-03-13',
        'The relationship of a couple is tested when the girl’s first official flight pairs her with a confident senior pilot, jealousy and power dynamics surface in the training ground. The girl is now torn between her present relationship and new temptation she can’t resist.',
        'Now Showing'),
       (187, 'Shera', '02:25:00', 'https://image.tmdb.org/t/p/w500/7qgjO10RA9Jd7ffXbYeqQAwf1WF.jpg', '2026-05-15',
        'A high-energy action drama centered on strength, loyalty, and confrontation. The story unfolds through intense moments and gripping action as the protagonist faces powerful forces and personal challenges.',
        'Now Showing'),
       (188, 'We Bury the Dead', '01:35:00', 'https://image.tmdb.org/t/p/w500/xZqo0yPARmyF8TACVNyaOACkYWG.jpg',
        '2026-01-01',
        'After a catastrophic military disaster reanimates the dead, Ava searches for her missing husband amidst an increasingly hostile world.',
        'Now Showing'),
       (189, 'Agent Zeta', '02:13:00', 'https://image.tmdb.org/t/p/w500/1cKLG9KMoCjsgFB8Nw1EuglteVi.jpg', '2026-03-20',
        'Four Spanish ex-intelligence officers are assassinated simultaneously worldwide. The CNI discovers all participated in the covert "Operation Ciénaga" decades ago in Colombia. Zeta, the CNI''s best operative, must hunt and protect the sole survivor, facing his deadliest global mission yet. Top Colombian agent Alfa will join Zeta, seemingly knowing more about "Ciénaga"''s secrets than him.',
        'Now Showing'),
       (190, 'Fall 2: Deadpoint', '02:00:00', 'https://image.tmdb.org/t/p/w500/ckKAdEz49bJ10jCLbCYIzVHJGEu.jpg',
        '2026-08-07',
        'Overwhelmed by her sister Hunter’s death, Jax connects with Luce, Hunter’s fearless friend. To heal, they attempt the infamous plank walk of Mount Kwan in Thailand. After a sudden rockslide leaves them stranded on a fragile plank 3000 feet in the air, Jax must confront her deepest fears and fight for survival to find closure.',
        'Now Showing'),
       (191, 'Evil Dead Burn', '01:50:00', 'https://image.tmdb.org/t/p/w500/syGSQh7bqPHCFRhwHewHdR5EqjD.jpg',
        '2026-07-08',
        'After the loss of her husband, a woman seeks solace with her in-laws in their secluded family home. As one by one they are transformed into Deadites—turning the gathering into a family reunion from hell—she comes to discover that the vows she took in life... live on even in death.',
        'Now Showing'),
       (192, 'Maternal Instinct', '01:34:00', 'https://image.tmdb.org/t/p/w500/4KdmT71AGzDMp5hJbAu9vysKQKT.jpg',
        '2026-06-12',
        'When a Texas state trooper pulled over a woman driving erratically on the highway in 2020, she claimed she had just given birth — but her story didn’t add up.',
        'Now Showing'),
       (193, 'The Murder of Rachel Nickell', '01:36:00',
        'https://image.tmdb.org/t/p/w500/ibTNWrpUGsSuv7PbVRIgr97jDVs.jpg', '2026-06-04',
        'A young mother is killed in broad daylight on London''s Wimbledon Common — in front of her toddler. This documentary examines the yearslong murder case.',
        'Now Showing'),
       (194, 'Toaster', '02:06:00', 'https://image.tmdb.org/t/p/w500/8bsa86WKaQ9plaYN7rd9oGwmyVV.jpg', '2026-04-15',
        'Murder and chaos erupt when a miser becomes obsessed with a toaster he gave as a wedding gift.',
        'Now Showing'),
       (195, 'Do Not Enter', '01:31:00', 'https://image.tmdb.org/t/p/w500/stM9N7eJmHKLmFR59JG4tLdN7Wk.jpg',
        '2026-03-19',
        'A group of young explorers investigates an old abandoned hotel, only to encounter a strange supernatural being and a competing group looking for a legendary hidden treasure.',
        'Now Showing'),
       (196, 'The Death of Robin Hood', '02:03:00', 'https://image.tmdb.org/t/p/w500/4cD7KeABHyzeJmzdA6QKe36fp2d.jpg',
        '2026-06-18',
        'Grappling with his past after a life of crime and murder, Robin Hood finds himself gravely injured after a battle he thought would be his last. In the hands of a mysterious woman, he is offered a chance at salvation.',
        'Now Showing'),
       (197, 'Rakkhosh', '02:21:00', 'https://image.tmdb.org/t/p/w500/a2fCCiq14zbk7VGyUAgZvqIMxr6.jpg', '2026-03-21',
        'The story about a man pushed to his limits by love and greed, who eventually embraces his darker side to seek justice or revenge in a world filled with "monsters."',
        'Now Showing') ON CONFLICT (id) DO NOTHING;

-- ============================================================
-- 7. MOVIE_GENRES
-- ============================================================
INSERT INTO movie_genres (movie_id, genre_id)
VALUES (1, 4),
       (1, 7),
       (2, 1),
       (2, 3),
       (3, 5),
       (3, 2),
       (4, 17),
       (4, 3),
       (5, 1),
       (5, 10),
       (5, 9),
       (6, 1),
       (6, 10),
       (7, 1),
       (7, 9),
       (7, 15),
       (8, 18),
       (8, 2),
       (8, 9),
       (9, 1),
       (9, 15),
       (9, 7),
       (10, 1),
       (10, 10),
       (10, 15),
       (11, 13),
       (11, 11),
       (11, 1),
       (12, 4),
       (12, 16),
       (13, 5),
       (13, 3),
       (14, 7),
       (15, 5),
       (15, 2),
       (16, 1),
       (16, 3),
       (16, 11),
       (17, 1),
       (17, 7),
       (18, 9),
       (18, 8),
       (18, 18),
       (19, 15),
       (19, 9),
       (20, 2),
       (20, 7),
       (20, 3),
       (21, 11),
       (21, 3),
       (21, 7),
       (22, 1),
       (22, 11),
       (22, 7),
       (23, 1),
       (23, 7),
       (24, 1),
       (24, 11),
       (25, 4),
       (25, 16),
       (25, 15),
       (26, 4),
       (27, 9),
       (27, 8),
       (27, 2),
       (28, 1),
       (28, 7),
       (29, 2),
       (29, 4),
       (30, 11),
       (30, 7),
       (31, 4),
       (32, 1),
       (32, 2),
       (32, 7),
       (33, 1),
       (33, 7),
       (34, 7),
       (34, 16),
       (34, 11),
       (35, 1),
       (35, 7),
       (36, 8),
       (36, 2),
       (36, 18),
       (37, 8),
       (37, 18),
       (37, 2),
       (38, 4),
       (38, 2),
       (39, 1),
       (39, 5),
       (39, 7),
       (40, 4),
       (41, 1),
       (41, 11),
       (41, 7),
       (42, 1),
       (42, 7),
       (43, 5),
       (43, 2),
       (43, 3),
       (44, 1),
       (44, 3),
       (45, 7),
       (45, 11),
       (46, 4),
       (46, 16),
       (46, 11),
       (47, 2),
       (47, 13),
       (47, 3),
       (48, 9),
       (48, 7),
       (48, 15),
       (49, 4),
       (49, 3),
       (49, 16),
       (50, 4),
       (50, 16),
       (50, 15),
       (51, 5),
       (51, 3),
       (51, 7),
       (52, 1),
       (52, 3),
       (52, 13),
       (53, 1),
       (53, 15),
       (53, 7),
       (54, 1),
       (54, 7),
       (55, 1),
       (55, 3),
       (55, 5),
       (56, 3),
       (57, 1),
       (57, 3),
       (57, 7),
       (58, 11),
       (58, 7),
       (59, 4),
       (59, 7),
       (59, 2),
       (60, 4),
       (60, 1),
       (60, 7),
       (61, 2),
       (61, 3),
       (62, 7),
       (62, 4),
       (62, 2),
       (63, 1),
       (63, 3),
       (63, 18),
       (64, 3),
       (65, 2),
       (65, 3),
       (66, 2),
       (67, 4),
       (67, 2),
       (67, 1),
       (68, 15),
       (68, 1),
       (68, 9),
       (69, 1),
       (69, 7),
       (69, 4),
       (70, 5),
       (70, 18),
       (70, 3),
       (71, 3),
       (71, 16),
       (72, 5),
       (72, 3),
       (73, 3),
       (74, 9),
       (74, 1),
       (74, 10),
       (75, 8),
       (75, 1),
       (75, 9),
       (76, 2),
       (76, 5),
       (77, 1),
       (77, 7),
       (78, 5),
       (78, 2),
       (78, 3),
       (79, 1),
       (79, 9),
       (79, 15),
       (80, 1),
       (80, 2),
       (80, 11),
       (81, 2),
       (81, 18),
       (81, 16),
       (82, 16),
       (82, 15),
       (83, 4),
       (83, 7),
       (83, 15),
       (84, 1),
       (84, 7),
       (84, 16),
       (85, 3),
       (86, 2),
       (86, 10),
       (87, 1),
       (87, 2),
       (88, 1),
       (88, 7),
       (88, 11),
       (89, 2),
       (89, 1),
       (89, 9),
       (90, 13),
       (90, 1),
       (90, 9),
       (91, 4),
       (91, 16),
       (92, 11),
       (92, 3),
       (93, 11),
       (93, 3),
       (93, 7),
       (94, 7),
       (94, 4),
       (95, 16),
       (95, 3),
       (95, 4),
       (96, 5),
       (96, 3),
       (97, 8),
       (97, 18),
       (97, 9),
       (98, 1),
       (98, 7),
       (99, 1),
       (99, 13),
       (99, 3),
       (100, 17),
       (100, 7),
       (100, 1),
       (101, 2),
       (101, 11),
       (102, 4),
       (102, 7),
       (103, 11),
       (103, 3),
       (103, 7),
       (104, 11),
       (104, 7),
       (105, 2),
       (105, 15),
       (105, 11),
       (106, 9),
       (106, 8),
       (106, 2),
       (107, 9),
       (107, 1),
       (108, 1),
       (108, 11),
       (108, 3),
       (109, 1),
       (109, 3),
       (109, 19),
       (110, 5),
       (110, 3),
       (111, 15),
       (111, 1),
       (111, 7),
       (112, 15),
       (112, 1),
       (112, 2),
       (113, 3),
       (114, 2),
       (114, 3),
       (115, 4),
       (115, 7),
       (116, 4),
       (116, 7),
       (117, 3),
       (118, 4),
       (118, 16),
       (119, 4),
       (119, 7),
       (120, 18),
       (120, 10),
       (120, 2),
       (121, 3),
       (122, 9),
       (122, 3),
       (122, 18),
       (123, 1),
       (123, 7),
       (124, 1),
       (124, 11),
       (124, 7),
       (125, 15),
       (125, 4),
       (125, 10),
       (126, 1),
       (126, 11),
       (127, 5),
       (127, 2),
       (127, 3),
       (128, 5),
       (128, 3),
       (129, 2),
       (129, 7),
       (130, 4),
       (130, 7),
       (130, 5),
       (131, 7),
       (131, 1),
       (131, 3),
       (132, 1),
       (133, 2),
       (133, 3),
       (134, 9),
       (134, 2),
       (135, 4),
       (135, 7),
       (135, 16),
       (136, 15),
       (136, 16),
       (136, 7),
       (137, 3),
       (137, 7),
       (138, 3),
       (139, 2),
       (139, 4),
       (140, 7),
       (140, 3),
       (140, 16),
       (141, 3),
       (142, 3),
       (142, 4),
       (142, 16),
       (143, 7),
       (144, 4),
       (145, 7),
       (145, 5),
       (146, 2),
       (146, 18),
       (147, 2),
       (148, 3),
       (148, 5),
       (148, 17),
       (149, 2),
       (149, 5),
       (150, 1),
       (150, 11),
       (150, 7),
       (151, 7),
       (152, 3),
       (152, 2),
       (152, 18),
       (153, 3),
       (153, 13),
       (154, 8),
       (154, 18),
       (155, 4),
       (155, 7),
       (156, 7),
       (156, 13),
       (156, 19),
       (157, 3),
       (157, 1),
       (157, 7),
       (158, 8),
       (158, 9),
       (158, 10),
       (159, 4),
       (159, 15),
       (159, 2),
       (160, 13),
       (160, 3),
       (161, 4),
       (161, 7),
       (162, 9),
       (162, 5),
       (162, 3),
       (163, 2),
       (163, 17),
       (163, 3),
       (164, 4),
       (164, 2),
       (165, 11),
       (165, 7),
       (165, 14),
       (166, 10),
       (166, 7),
       (166, 3),
       (167, 4),
       (168, 4),
       (169, 4),
       (170, 4),
       (170, 16),
       (171, 17),
       (171, 3),
       (171, 7),
       (172, 7),
       (172, 11),
       (172, 3),
       (173, 2),
       (173, 3),
       (174, 8),
       (174, 1),
       (174, 16),
       (175, 3),
       (176, 1),
       (176, 11),
       (176, 7),
       (177, 3),
       (178, 13),
       (178, 19),
       (178, 1),
       (179, 15),
       (179, 16),
       (179, 1),
       (180, 3),
       (181, 13),
       (181, 19),
       (181, 3),
       (182, 12),
       (182, 11),
       (183, 1),
       (183, 2),
       (183, 3),
       (184, 2),
       (184, 4),
       (184, 15),
       (185, 5),
       (185, 3),
       (185, 2),
       (186, 5),
       (187, 1),
       (187, 3),
       (188, 4),
       (188, 7),
       (189, 3),
       (189, 7),
       (190, 7),
       (191, 4),
       (191, 7),
       (192, 12),
       (192, 11),
       (193, 12),
       (193, 11),
       (194, 2),
       (194, 11),
       (194, 1),
       (195, 4),
       (196, 3),
       (196, 7),
       (197, 1),
       (197, 5) ON CONFLICT DO NOTHING;

-- ============================================================
-- 8. MOVIE_DIRECTORS
-- ============================================================
INSERT INTO movie_directors (movie_id, director_id)
VALUES (1, 1),
       (2, 2),
       (3, 3),
       (4, 4),
       (5, 5),
       (6, 6),
       (7, 7),
       (8, 8),
       (8, 9),
       (9, 10),
       (10, 11),
       (11, 13),
       (12, 12),
       (13, 14),
       (14, 16),
       (15, 15),
       (16, 18),
       (17, 17),
       (18, 19),
       (19, 20),
       (19, 21),
       (20, 22),
       (21, 24),
       (22, 23),
       (23, 25),
       (24, 31),
       (25, 26),
       (26, 27),
       (27, 29),
       (28, 30),
       (29, 32),
       (30, 42),
       (31, 33),
       (32, 34),
       (33, 36),
       (34, 35),
       (35, 37),
       (36, 38),
       (37, 40),
       (38, 28),
       (39, 39),
       (40, 77),
       (41, 41),
       (42, 49),
       (43, 44),
       (44, 45),
       (45, 43),
       (46, 47),
       (47, 48),
       (48, 41),
       (49, 51),
       (50, 46),
       (51, 52),
       (52, 54),
       (53, 60),
       (54, 53),
       (55, 56),
       (56, 55),
       (57, 50),
       (58, 61),
       (59, 59),
       (60, 58),
       (61, 57),
       (62, 62),
       (62, 63),
       (63, 64),
       (64, 65),
       (65, 66),
       (66, 68),
       (67, 69),
       (68, 67),
       (69, 70),
       (70, 71),
       (71, 73),
       (72, 72),
       (73, 74),
       (74, 75),
       (75, 76),
       (76, 78),
       (77, 79),
       (78, 80),
       (79, 81),
       (80, 82),
       (81, 83),
       (82, 84),
       (83, 85),
       (84, 86),
       (85, 55),
       (86, 87),
       (87, 88),
       (87, 89),
       (88, 90),
       (89, 92),
       (90, 91),
       (91, 93),
       (92, 94),
       (93, 95),
       (94, 96),
       (95, 97),
       (96, 98),
       (97, 99),
       (98, 100),
       (99, 101),
       (100, 102),
       (101, 152),
       (102, 104),
       (103, 105),
       (104, 106),
       (105, 103),
       (106, 112),
       (107, 111),
       (108, 107),
       (109, 109),
       (110, 110),
       (111, 108),
       (112, 114),
       (113, 65),
       (114, 113),
       (115, 121),
       (116, 116),
       (117, 117),
       (118, 118),
       (119, 120),
       (120, 115),
       (121, 74),
       (122, 122),
       (123, 123),
       (124, 124),
       (125, 126),
       (126, 127),
       (127, 119),
       (128, 128),
       (129, 130),
       (130, 131),
       (130, 132),
       (131, 133),
       (132, 134),
       (133, 129),
       (134, 136),
       (135, 137),
       (136, 138),
       (137, 140),
       (138, 65),
       (139, 125),
       (140, 151),
       (142, 143),
       (143, 145),
       (144, 146),
       (145, 135),
       (146, 147),
       (147, 148),
       (148, 153),
       (149, 78),
       (150, 149),
       (151, 150),
       (152, 139),
       (153, 144),
       (154, 154),
       (154, 155),
       (155, 141),
       (156, 142),
       (157, 156),
       (158, 157),
       (159, 160),
       (160, 159),
       (161, 158),
       (162, 161),
       (163, 164),
       (164, 162),
       (165, 163),
       (166, 165),
       (167, 168),
       (168, 169),
       (169, 166),
       (170, 167),
       (171, 170),
       (172, 171),
       (173, 178),
       (174, 173),
       (175, 174),
       (176, 188),
       (177, 175),
       (178, 179),
       (179, 184),
       (180, 181),
       (181, 196),
       (182, 180),
       (183, 182),
       (184, 172),
       (185, 193),
       (186, 65),
       (187, 186),
       (188, 187),
       (189, 183),
       (190, 176),
       (190, 177),
       (191, 185),
       (192, 189),
       (193, 190),
       (194, 194),
       (195, 195),
       (196, 192),
       (197, 191) ON CONFLICT DO NOTHING;

-- ============================================================
-- 9. MOVIE_CASTS
-- ============================================================
INSERT INTO movie_casts (movie_id, cast_id)
VALUES (1, 1),
       (1, 2),
       (1, 3),
       (1, 4),
       (1, 5),
       (2, 6),
       (2, 7),
       (2, 8),
       (2, 9),
       (2, 10),
       (3, 11),
       (3, 12),
       (3, 13),
       (3, 14),
       (3, 15),
       (4, 16),
       (4, 17),
       (4, 18),
       (4, 19),
       (4, 20),
       (5, 21),
       (5, 22),
       (5, 23),
       (5, 24),
       (5, 25),
       (6, 26),
       (6, 27),
       (6, 28),
       (6, 29),
       (6, 30),
       (7, 31),
       (7, 32),
       (7, 33),
       (7, 34),
       (7, 35),
       (8, 36),
       (8, 37),
       (8, 38),
       (8, 39),
       (8, 40),
       (9, 41),
       (9, 42),
       (9, 43),
       (9, 44),
       (9, 17),
       (10, 45),
       (10, 46),
       (10, 47),
       (10, 48),
       (10, 49),
       (11, 55),
       (11, 56),
       (11, 57),
       (11, 58),
       (11, 59),
       (12, 50),
       (12, 51),
       (12, 52),
       (12, 53),
       (12, 54),
       (13, 60),
       (13, 61),
       (13, 62),
       (13, 63),
       (13, 64),
       (14, 70),
       (14, 71),
       (14, 72),
       (14, 73),
       (14, 74),
       (15, 65),
       (15, 66),
       (15, 67),
       (15, 68),
       (15, 69),
       (16, 80),
       (16, 81),
       (16, 82),
       (16, 83),
       (16, 84),
       (17, 75),
       (17, 76),
       (17, 77),
       (17, 78),
       (17, 79),
       (18, 85),
       (18, 86),
       (18, 87),
       (18, 88),
       (18, 89),
       (19, 90),
       (19, 91),
       (19, 92),
       (19, 93),
       (19, 94),
       (20, 95),
       (20, 96),
       (20, 97),
       (20, 98),
       (20, 99),
       (21, 104),
       (21, 105),
       (21, 106),
       (21, 107),
       (21, 108),
       (22, 100),
       (22, 101),
       (22, 102),
       (22, 57),
       (22, 103),
       (23, 109),
       (23, 110),
       (23, 111),
       (23, 112),
       (23, 113),
       (24, 139),
       (24, 140),
       (24, 141),
       (24, 142),
       (24, 143),
       (25, 114),
       (25, 115),
       (25, 116),
       (25, 117),
       (25, 118),
       (26, 119),
       (26, 120),
       (26, 121),
       (26, 122),
       (26, 123),
       (27, 129),
       (27, 130),
       (27, 131),
       (27, 132),
       (27, 133),
       (28, 134),
       (28, 135),
       (28, 136),
       (28, 137),
       (28, 138),
       (29, 144),
       (29, 145),
       (29, 146),
       (29, 147),
       (29, 148),
       (30, 193),
       (30, 194),
       (30, 195),
       (30, 196),
       (30, 197),
       (31, 149),
       (31, 150),
       (31, 151),
       (31, 152),
       (31, 153),
       (32, 154),
       (32, 155),
       (32, 156),
       (32, 157),
       (32, 158),
       (33, 164),
       (33, 165),
       (33, 166),
       (33, 167),
       (33, 168),
       (34, 159),
       (34, 160),
       (34, 161),
       (34, 162),
       (34, 163),
       (35, 169),
       (35, 170),
       (35, 171),
       (35, 172),
       (35, 173),
       (36, 174),
       (36, 175),
       (36, 176),
       (36, 177),
       (36, 178),
       (37, 183),
       (37, 184),
       (37, 185),
       (37, 186),
       (37, 187),
       (38, 124),
       (38, 125),
       (38, 126),
       (38, 127),
       (38, 128),
       (39, 179),
       (39, 12),
       (39, 180),
       (39, 181),
       (39, 182),
       (40, 359),
       (40, 360),
       (40, 361),
       (40, 362),
       (40, 363),
       (41, 188),
       (41, 189),
       (41, 190),
       (41, 191),
       (41, 192),
       (42, 233),
       (42, 234),
       (42, 235),
       (42, 236),
       (42, 237),
       (43, 203),
       (43, 204),
       (43, 205),
       (43, 206),
       (43, 207),
       (44, 208),
       (44, 209),
       (44, 210),
       (44, 211),
       (44, 212),
       (45, 198),
       (45, 199),
       (45, 200),
       (45, 201),
       (45, 202),
       (46, 218),
       (46, 219),
       (46, 220),
       (46, 221),
       (46, 222),
       (47, 223),
       (47, 224),
       (47, 225),
       (47, 226),
       (47, 227),
       (48, 228),
       (48, 229),
       (48, 230),
       (48, 231),
       (48, 232),
       (49, 243),
       (49, 244),
       (49, 245),
       (49, 246),
       (49, 247),
       (50, 213),
       (50, 214),
       (50, 215),
       (50, 216),
       (50, 217),
       (51, 248),
       (51, 249),
       (51, 250),
       (51, 251),
       (51, 252),
       (52, 258),
       (52, 259),
       (52, 260),
       (52, 261),
       (52, 262),
       (53, 288),
       (53, 289),
       (53, 290),
       (53, 291),
       (53, 292),
       (54, 253),
       (54, 254),
       (54, 255),
       (54, 256),
       (54, 257),
       (55, 268),
       (55, 269),
       (55, 270),
       (55, 271),
       (55, 272),
       (56, 263),
       (56, 264),
       (56, 265),
       (56, 266),
       (56, 267),
       (57, 238),
       (57, 239),
       (57, 240),
       (57, 241),
       (57, 242),
       (58, 293),
       (58, 294),
       (58, 295),
       (58, 296),
       (58, 297),
       (59, 283),
       (59, 284),
       (59, 285),
       (59, 286),
       (59, 287),
       (60, 278),
       (60, 279),
       (60, 280),
       (60, 281),
       (60, 282),
       (61, 273),
       (61, 274),
       (61, 275),
       (61, 276),
       (61, 277),
       (62, 154),
       (62, 298),
       (62, 299),
       (62, 300),
       (62, 301),
       (63, 302),
       (63, 303),
       (63, 304),
       (63, 305),
       (63, 306),
       (64, 307),
       (64, 308),
       (64, 309),
       (64, 310),
       (64, 311),
       (65, 312),
       (65, 313),
       (65, 41),
       (65, 314),
       (65, 315),
       (66, 319),
       (66, 125),
       (66, 320),
       (66, 321),
       (66, 322),
       (67, 323),
       (67, 324),
       (67, 325),
       (67, 326),
       (67, 327),
       (68, 316),
       (68, 203),
       (68, 317),
       (68, 318),
       (68, 80),
       (69, 328),
       (69, 329),
       (69, 330),
       (69, 331),
       (69, 332),
       (70, 333),
       (70, 334),
       (70, 335),
       (70, 336),
       (70, 337),
       (71, 343),
       (71, 344),
       (71, 345),
       (71, 346),
       (71, 347),
       (72, 338),
       (72, 339),
       (72, 340),
       (72, 341),
       (72, 342),
       (73, 348),
       (73, 349),
       (73, 350),
       (73, 351),
       (74, 352),
       (74, 316),
       (74, 313),
       (74, 204),
       (74, 353),
       (75, 354),
       (75, 355),
       (75, 356),
       (75, 357),
       (75, 358),
       (76, 364),
       (76, 365),
       (76, 366),
       (76, 367),
       (76, 368),
       (77, 369),
       (77, 182),
       (77, 370),
       (77, 371),
       (77, 372),
       (78, 373),
       (78, 374),
       (78, 375),
       (78, 376),
       (78, 377),
       (79, 378),
       (79, 379),
       (79, 380),
       (79, 381),
       (79, 382),
       (80, 383),
       (80, 384),
       (80, 385),
       (80, 229),
       (80, 386),
       (81, 387),
       (81, 388),
       (81, 389),
       (81, 390),
       (81, 391),
       (82, 392),
       (82, 393),
       (82, 394),
       (82, 289),
       (82, 395),
       (83, 396),
       (83, 397),
       (83, 398),
       (83, 399),
       (83, 400),
       (84, 401),
       (84, 402),
       (84, 403),
       (84, 404),
       (84, 405),
       (85, 406),
       (85, 407),
       (85, 266),
       (85, 408),
       (85, 409),
       (86, 410),
       (86, 411),
       (86, 412),
       (86, 413),
       (86, 414),
       (87, 415),
       (87, 416),
       (87, 417),
       (87, 418),
       (87, 419),
       (88, 352),
       (88, 420),
       (88, 421),
       (88, 422),
       (88, 423),
       (89, 429),
       (89, 430),
       (89, 410),
       (89, 431),
       (89, 432),
       (90, 424),
       (90, 425),
       (90, 426),
       (90, 427),
       (90, 428),
       (91, 433),
       (91, 434),
       (91, 435),
       (91, 436),
       (91, 437),
       (92, 438),
       (92, 296),
       (92, 439),
       (92, 135),
       (92, 440),
       (93, 441),
       (93, 442),
       (93, 443),
       (93, 444),
       (93, 445),
       (94, 446),
       (94, 447),
       (94, 448),
       (94, 449),
       (94, 450),
       (95, 451),
       (95, 452),
       (95, 453),
       (95, 454),
       (95, 455),
       (96, 456),
       (96, 457),
       (96, 458),
       (96, 459),
       (96, 460),
       (97, 461),
       (97, 462),
       (97, 463),
       (97, 464),
       (97, 465),
       (98, 466),
       (98, 467),
       (98, 468),
       (98, 469),
       (98, 470),
       (99, 471),
       (99, 57),
       (99, 472),
       (99, 275),
       (99, 473),
       (100, 474),
       (100, 475),
       (100, 476),
       (100, 477),
       (100, 478),
       (101, 721) ON CONFLICT DO NOTHING;
INSERT INTO movie_casts (movie_id, cast_id)
VALUES (101, 722),
       (101, 723),
       (101, 724),
       (101, 725),
       (102, 483),
       (102, 484),
       (102, 485),
       (102, 486),
       (102, 487),
       (103, 239),
       (103, 488),
       (103, 489),
       (103, 490),
       (103, 491),
       (104, 492),
       (104, 493),
       (104, 494),
       (104, 495),
       (104, 496),
       (105, 479),
       (105, 480),
       (105, 77),
       (105, 481),
       (105, 482),
       (106, 519),
       (106, 520),
       (106, 521),
       (106, 522),
       (106, 523),
       (107, 514),
       (107, 515),
       (107, 516),
       (107, 517),
       (107, 518),
       (108, 497),
       (108, 498),
       (108, 499),
       (108, 500),
       (108, 501),
       (109, 505),
       (109, 11),
       (109, 506),
       (109, 507),
       (109, 508),
       (110, 509),
       (110, 510),
       (110, 511),
       (110, 512),
       (110, 513),
       (111, 36),
       (111, 439),
       (111, 502),
       (111, 503),
       (111, 504),
       (112, 529),
       (112, 86),
       (112, 530),
       (112, 531),
       (112, 323),
       (113, 556),
       (113, 557),
       (113, 558),
       (113, 559),
       (113, 560),
       (114, 524),
       (114, 525),
       (114, 526),
       (114, 527),
       (114, 528),
       (115, 566),
       (115, 567),
       (115, 568),
       (115, 569),
       (115, 570),
       (116, 537),
       (116, 538),
       (116, 539),
       (116, 540),
       (116, 541),
       (117, 542),
       (117, 543),
       (117, 544),
       (117, 545),
       (117, 264),
       (118, 546),
       (118, 547),
       (118, 548),
       (118, 549),
       (118, 550),
       (119, 561),
       (119, 562),
       (119, 563),
       (119, 564),
       (119, 565),
       (120, 532),
       (120, 533),
       (120, 534),
       (120, 535),
       (120, 536),
       (121, 571),
       (121, 572),
       (121, 545),
       (121, 309),
       (122, 573),
       (122, 574),
       (122, 575),
       (122, 576),
       (122, 577),
       (123, 578),
       (123, 579),
       (123, 580),
       (123, 581),
       (123, 582),
       (124, 583),
       (124, 584),
       (124, 585),
       (124, 586),
       (124, 587),
       (125, 593),
       (125, 594),
       (125, 595),
       (125, 596),
       (125, 597),
       (126, 598),
       (126, 599),
       (126, 600),
       (126, 601),
       (126, 602),
       (127, 551),
       (127, 552),
       (127, 553),
       (127, 554),
       (127, 555),
       (128, 603),
       (128, 604),
       (128, 605),
       (128, 69),
       (128, 606),
       (129, 612),
       (129, 613),
       (129, 614),
       (129, 615),
       (129, 616),
       (130, 617),
       (130, 618),
       (130, 619),
       (130, 620),
       (130, 621),
       (131, 622),
       (131, 623),
       (131, 624),
       (131, 625),
       (131, 626),
       (132, 627),
       (132, 628),
       (132, 629),
       (132, 630),
       (132, 631),
       (133, 607),
       (133, 608),
       (133, 609),
       (133, 610),
       (133, 611),
       (134, 637),
       (134, 638),
       (134, 639),
       (134, 640),
       (134, 641),
       (135, 588),
       (135, 112),
       (135, 286),
       (135, 642),
       (135, 643),
       (136, 313),
       (136, 644),
       (136, 645),
       (136, 646),
       (136, 647),
       (137, 653),
       (137, 654),
       (137, 655),
       (137, 656),
       (137, 657),
       (138, 263),
       (138, 658),
       (138, 559),
       (138, 309),
       (139, 588),
       (139, 589),
       (139, 590),
       (139, 591),
       (139, 592),
       (140, 440),
       (140, 717),
       (140, 718),
       (140, 719),
       (140, 720),
       (141, 664),
       (141, 665),
       (141, 666),
       (141, 667),
       (141, 668),
       (142, 679),
       (142, 680),
       (142, 681),
       (142, 682),
       (142, 683),
       (143, 689),
       (143, 690),
       (143, 691),
       (143, 692),
       (143, 693),
       (144, 694),
       (144, 695),
       (144, 696),
       (144, 697),
       (144, 698),
       (145, 632),
       (145, 633),
       (145, 634),
       (145, 635),
       (145, 636),
       (146, 699),
       (146, 700),
       (146, 701),
       (146, 702),
       (146, 703),
       (147, 704),
       (147, 705),
       (147, 706),
       (147, 707),
       (147, 708),
       (148, 726),
       (148, 727),
       (148, 728),
       (148, 729),
       (148, 730),
       (149, 659),
       (149, 660),
       (149, 661),
       (149, 662),
       (149, 663),
       (150, 709),
       (150, 710),
       (150, 711),
       (150, 128),
       (150, 712),
       (151, 568),
       (151, 713),
       (151, 714),
       (151, 715),
       (151, 716),
       (152, 648),
       (152, 649),
       (152, 650),
       (152, 651),
       (152, 652),
       (153, 684),
       (153, 685),
       (153, 686),
       (153, 687),
       (153, 688),
       (154, 731),
       (154, 732),
       (154, 733),
       (154, 734),
       (154, 735),
       (155, 669),
       (155, 670),
       (155, 671),
       (155, 672),
       (155, 673),
       (156, 674),
       (156, 675),
       (156, 676),
       (156, 677),
       (156, 678),
       (157, 99),
       (157, 736),
       (157, 737),
       (157, 738),
       (157, 739),
       (158, 740),
       (158, 741),
       (158, 742),
       (158, 743),
       (158, 744),
       (159, 755),
       (159, 756),
       (159, 757),
       (159, 758),
       (159, 759),
       (160, 750),
       (160, 751),
       (160, 752),
       (160, 753),
       (160, 754),
       (161, 745),
       (161, 746),
       (161, 747),
       (161, 748),
       (161, 749),
       (162, 760),
       (162, 761),
       (162, 762),
       (162, 763),
       (162, 764),
       (163, 775),
       (163, 776),
       (163, 777),
       (163, 778),
       (163, 779),
       (164, 765),
       (164, 766),
       (164, 767),
       (164, 768),
       (164, 769),
       (165, 770),
       (165, 771),
       (165, 772),
       (165, 773),
       (165, 774),
       (166, 780),
       (166, 781),
       (166, 782),
       (166, 783),
       (166, 784),
       (167, 793),
       (167, 794),
       (167, 795),
       (167, 796),
       (167, 797),
       (168, 798),
       (168, 799),
       (168, 800),
       (168, 801),
       (168, 802),
       (169, 785),
       (169, 786),
       (169, 787),
       (170, 788),
       (170, 789),
       (170, 790),
       (170, 791),
       (170, 792),
       (171, 313),
       (171, 803),
       (171, 804),
       (171, 805),
       (171, 806),
       (172, 807),
       (172, 808),
       (172, 809),
       (172, 810),
       (172, 811),
       (173, 834),
       (173, 835),
       (173, 836),
       (173, 837),
       (173, 838),
       (174, 817),
       (174, 818),
       (174, 819),
       (174, 820),
       (174, 821),
       (175, 822),
       (175, 823),
       (175, 824),
       (175, 825),
       (175, 826),
       (176, 884),
       (176, 885),
       (176, 886),
       (176, 887),
       (176, 888),
       (177, 827),
       (177, 828),
       (178, 839),
       (178, 840),
       (178, 841),
       (178, 842),
       (178, 843),
       (179, 867),
       (179, 622),
       (179, 868),
       (179, 824),
       (179, 869),
       (180, 307),
       (180, 849),
       (180, 850),
       (180, 851),
       (180, 852),
       (181, 910),
       (181, 911),
       (181, 912),
       (181, 913),
       (181, 914),
       (182, 844),
       (182, 845),
       (182, 846),
       (182, 847),
       (182, 848),
       (183, 853),
       (183, 854),
       (183, 855),
       (183, 856),
       (183, 857),
       (184, 812),
       (184, 813),
       (184, 814),
       (184, 815),
       (184, 816),
       (185, 898),
       (185, 12),
       (185, 899),
       (185, 900),
       (185, 901),
       (186, 571),
       (186, 858),
       (186, 859),
       (186, 860),
       (186, 861),
       (187, 874),
       (187, 875),
       (187, 876),
       (187, 877),
       (187, 878),
       (188, 879),
       (188, 880),
       (188, 881),
       (188, 882),
       (188, 883),
       (189, 862),
       (189, 863),
       (189, 864),
       (189, 865),
       (189, 866),
       (190, 829),
       (190, 830),
       (190, 831),
       (190, 832),
       (190, 833),
       (191, 870),
       (191, 871),
       (191, 872),
       (191, 873),
       (191, 246),
       (194, 902),
       (194, 71),
       (194, 903),
       (194, 904),
       (194, 905),
       (195, 906),
       (195, 907),
       (195, 22),
       (195, 908),
       (195, 909),
       (196, 387),
       (196, 894),
       (196, 895),
       (196, 896),
       (196, 897),
       (197, 889),
       (197, 890),
       (197, 891),
       (197, 892),
       (197, 893) ON CONFLICT DO NOTHING;

-- ============================================================
-- 10. CINEMAS (15 bioskop)
-- ============================================================
INSERT INTO cinemas (id, location_id, name, logo, capacity, isAvailable)
VALUES (1, 1, 'ebv.id Grand Indonesia', '/img/cinemas/ebv.id-black.svg', 98, true),
       (2, 1, 'hiflix FX Sudirman', '/img/cinemas/hiflix-2.svg', 98, true),
       (3, 1, 'CineOne21 Taman Ismail Marzuki', '/img/cinemas/CineOne21-2.svg', 98, true),
       (4, 2, 'ebv.id Tunjungan Plaza', '/img/cinemas/ebv.id-black.svg', 98, true),
       (5, 2, 'hiflix Galaxy Mall', '/img/cinemas/hiflix-2.svg', 98, true),
       (6, 2, 'CineOne21 Pakuwon Mall', '/img/cinemas/CineOne21-2.svg', 98, true),
       (7, 3, 'ebv.id Paris Van Java', '/img/cinemas/ebv.id-black.svg', 98, true),
       (8, 3, 'hiflix Bandung Indah Plaza', '/img/cinemas/hiflix-2.svg', 98, true),
       (9, 4, 'CineOne21 Sun Plaza', '/img/cinemas/CineOne21-2.svg', 98, true),
       (10, 5, 'ebv.id Paragon Mall', '/img/cinemas/ebv.id-black.svg', 98, true),
       (11, 9, 'hiflix Ambarrukmo Plaza', '/img/cinemas/hiflix-2.svg', 98, true),
       (12, 8, 'CineOne21 Bali Galeria', '/img/cinemas/CineOne21-2.svg', 98, true),
       (13, 6, 'ebv.id Panakukang Mall', '/img/cinemas/ebv.id-black.svg', 98, true),
       (14, 7, 'hiflix Palembang Square', '/img/cinemas/hiflix-2.svg', 98, true),
       (15, 11, 'CineOne21 Mayfair Purwokerto', '/img/cinemas/CineOne21-2.svg', 98, false);

-- ============================================================
-- 11. SEATS (15 cinema × 98 kursi = 1.470 kursi)
-- ============================================================
-- Cinema 1
INSERT INTO seats (cinema_id, seat_number, row, seat_type)
VALUES (1, 1, 'A', 'regular'),
       (1, 2, 'A', 'regular'),
       (1, 3, 'A', 'regular'),
       (1, 4, 'A', 'regular'),
       (1, 5, 'A', 'regular'),
       (1, 6, 'A', 'regular'),
       (1, 7, 'A', 'regular'),
       (1, 8, 'A', 'regular'),
       (1, 9, 'A', 'regular'),
       (1, 10, 'A', 'regular'),
       (1, 11, 'A', 'regular'),
       (1, 12, 'A', 'regular'),
       (1, 13, 'A', 'regular'),
       (1, 14, 'A', 'regular'),
       (1, 1, 'B', 'regular'),
       (1, 2, 'B', 'regular'),
       (1, 3, 'B', 'regular'),
       (1, 4, 'B', 'regular'),
       (1, 5, 'B', 'regular'),
       (1, 6, 'B', 'regular'),
       (1, 7, 'B', 'regular'),
       (1, 8, 'B', 'regular'),
       (1, 9, 'B', 'regular'),
       (1, 10, 'B', 'regular'),
       (1, 11, 'B', 'regular'),
       (1, 12, 'B', 'regular'),
       (1, 13, 'B', 'regular'),
       (1, 14, 'B', 'regular'),
       (1, 1, 'C', 'regular'),
       (1, 2, 'C', 'regular'),
       (1, 3, 'C', 'regular'),
       (1, 4, 'C', 'regular'),
       (1, 5, 'C', 'regular'),
       (1, 6, 'C', 'regular'),
       (1, 7, 'C', 'regular'),
       (1, 8, 'C', 'regular'),
       (1, 9, 'C', 'regular'),
       (1, 10, 'C', 'regular'),
       (1, 11, 'C', 'regular'),
       (1, 12, 'C', 'regular'),
       (1, 13, 'C', 'regular'),
       (1, 14, 'C', 'regular'),
       (1, 1, 'D', 'regular'),
       (1, 2, 'D', 'regular'),
       (1, 3, 'D', 'regular'),
       (1, 4, 'D', 'regular'),
       (1, 5, 'D', 'regular'),
       (1, 6, 'D', 'regular'),
       (1, 7, 'D', 'regular'),
       (1, 8, 'D', 'regular'),
       (1, 9, 'D', 'regular'),
       (1, 10, 'D', 'regular'),
       (1, 11, 'D', 'regular'),
       (1, 12, 'D', 'regular'),
       (1, 13, 'D', 'regular'),
       (1, 14, 'D', 'regular'),
       (1, 1, 'E', 'regular'),
       (1, 2, 'E', 'regular'),
       (1, 3, 'E', 'regular'),
       (1, 4, 'E', 'regular'),
       (1, 5, 'E', 'regular'),
       (1, 6, 'E', 'regular'),
       (1, 7, 'E', 'regular'),
       (1, 8, 'E', 'regular'),
       (1, 9, 'E', 'regular'),
       (1, 10, 'E', 'regular'),
       (1, 11, 'E', 'regular'),
       (1, 12, 'E', 'regular'),
       (1, 13, 'E', 'regular'),
       (1, 14, 'E', 'regular'),
       (1, 1, 'F', 'regular'),
       (1, 2, 'F', 'regular'),
       (1, 3, 'F', 'regular'),
       (1, 4, 'F', 'regular'),
       (1, 5, 'F', 'regular'),
       (1, 6, 'F', 'regular'),
       (1, 7, 'F', 'regular'),
       (1, 8, 'F', 'regular'),
       (1, 9, 'F', 'regular'),
       (1, 10, 'F', 'regular'),
       (1, 11, 'F', 'regular'),
       (1, 12, 'F', 'regular'),
       (1, 13, 'F', 'regular'),
       (1, 14, 'F', 'regular'),
       (1, 1, 'G', 'love_nest'),
       (1, 2, 'G', 'love_nest'),
       (1, 3, 'G', 'love_nest'),
       (1, 4, 'G', 'love_nest'),
       (1, 5, 'G', 'love_nest'),
       (1, 6, 'G', 'love_nest'),
       (1, 7, 'G', 'love_nest'),
       (1, 8, 'G', 'love_nest'),
       (1, 9, 'G', 'love_nest'),
       (1, 10, 'G', 'love_nest'),
       (1, 11, 'G', 'love_nest'),
       (1, 12, 'G', 'love_nest'),
       (1, 13, 'G', 'love_nest'),
       (1, 14, 'G', 'love_nest');

-- Cinema 2
INSERT INTO seats (cinema_id, seat_number, row, seat_type)
VALUES (2, 1, 'A', 'regular'),
       (2, 2, 'A', 'regular'),
       (2, 3, 'A', 'regular'),
       (2, 4, 'A', 'regular'),
       (2, 5, 'A', 'regular'),
       (2, 6, 'A', 'regular'),
       (2, 7, 'A', 'regular'),
       (2, 8, 'A', 'regular'),
       (2, 9, 'A', 'regular'),
       (2, 10, 'A', 'regular'),
       (2, 11, 'A', 'regular'),
       (2, 12, 'A', 'regular'),
       (2, 13, 'A', 'regular'),
       (2, 14, 'A', 'regular'),
       (2, 1, 'B', 'regular'),
       (2, 2, 'B', 'regular'),
       (2, 3, 'B', 'regular'),
       (2, 4, 'B', 'regular'),
       (2, 5, 'B', 'regular'),
       (2, 6, 'B', 'regular'),
       (2, 7, 'B', 'regular'),
       (2, 8, 'B', 'regular'),
       (2, 9, 'B', 'regular'),
       (2, 10, 'B', 'regular'),
       (2, 11, 'B', 'regular'),
       (2, 12, 'B', 'regular'),
       (2, 13, 'B', 'regular'),
       (2, 14, 'B', 'regular'),
       (2, 1, 'C', 'regular'),
       (2, 2, 'C', 'regular'),
       (2, 3, 'C', 'regular'),
       (2, 4, 'C', 'regular'),
       (2, 5, 'C', 'regular'),
       (2, 6, 'C', 'regular'),
       (2, 7, 'C', 'regular'),
       (2, 8, 'C', 'regular'),
       (2, 9, 'C', 'regular'),
       (2, 10, 'C', 'regular'),
       (2, 11, 'C', 'regular'),
       (2, 12, 'C', 'regular'),
       (2, 13, 'C', 'regular'),
       (2, 14, 'C', 'regular'),
       (2, 1, 'D', 'regular'),
       (2, 2, 'D', 'regular'),
       (2, 3, 'D', 'regular'),
       (2, 4, 'D', 'regular'),
       (2, 5, 'D', 'regular'),
       (2, 6, 'D', 'regular'),
       (2, 7, 'D', 'regular'),
       (2, 8, 'D', 'regular'),
       (2, 9, 'D', 'regular'),
       (2, 10, 'D', 'regular'),
       (2, 11, 'D', 'regular'),
       (2, 12, 'D', 'regular'),
       (2, 13, 'D', 'regular'),
       (2, 14, 'D', 'regular'),
       (2, 1, 'E', 'regular'),
       (2, 2, 'E', 'regular'),
       (2, 3, 'E', 'regular'),
       (2, 4, 'E', 'regular'),
       (2, 5, 'E', 'regular'),
       (2, 6, 'E', 'regular'),
       (2, 7, 'E', 'regular'),
       (2, 8, 'E', 'regular'),
       (2, 9, 'E', 'regular'),
       (2, 10, 'E', 'regular'),
       (2, 11, 'E', 'regular'),
       (2, 12, 'E', 'regular'),
       (2, 13, 'E', 'regular'),
       (2, 14, 'E', 'regular'),
       (2, 1, 'F', 'regular'),
       (2, 2, 'F', 'regular'),
       (2, 3, 'F', 'regular'),
       (2, 4, 'F', 'regular'),
       (2, 5, 'F', 'regular'),
       (2, 6, 'F', 'regular'),
       (2, 7, 'F', 'regular'),
       (2, 8, 'F', 'regular'),
       (2, 9, 'F', 'regular'),
       (2, 10, 'F', 'regular'),
       (2, 11, 'F', 'regular'),
       (2, 12, 'F', 'regular'),
       (2, 13, 'F', 'regular'),
       (2, 14, 'F', 'regular'),
       (2, 1, 'G', 'love_nest'),
       (2, 2, 'G', 'love_nest'),
       (2, 3, 'G', 'love_nest'),
       (2, 4, 'G', 'love_nest'),
       (2, 5, 'G', 'love_nest'),
       (2, 6, 'G', 'love_nest'),
       (2, 7, 'G', 'love_nest'),
       (2, 8, 'G', 'love_nest'),
       (2, 9, 'G', 'love_nest'),
       (2, 10, 'G', 'love_nest'),
       (2, 11, 'G', 'love_nest'),
       (2, 12, 'G', 'love_nest'),
       (2, 13, 'G', 'love_nest'),
       (2, 14, 'G', 'love_nest');

-- Cinema 3
INSERT INTO seats (cinema_id, seat_number, row, seat_type)
VALUES (3, 1, 'A', 'regular'),
       (3, 2, 'A', 'regular'),
       (3, 3, 'A', 'regular'),
       (3, 4, 'A', 'regular'),
       (3, 5, 'A', 'regular'),
       (3, 6, 'A', 'regular'),
       (3, 7, 'A', 'regular'),
       (3, 8, 'A', 'regular'),
       (3, 9, 'A', 'regular'),
       (3, 10, 'A', 'regular'),
       (3, 11, 'A', 'regular'),
       (3, 12, 'A', 'regular'),
       (3, 13, 'A', 'regular'),
       (3, 14, 'A', 'regular'),
       (3, 1, 'B', 'regular'),
       (3, 2, 'B', 'regular'),
       (3, 3, 'B', 'regular'),
       (3, 4, 'B', 'regular'),
       (3, 5, 'B', 'regular'),
       (3, 6, 'B', 'regular'),
       (3, 7, 'B', 'regular'),
       (3, 8, 'B', 'regular'),
       (3, 9, 'B', 'regular'),
       (3, 10, 'B', 'regular'),
       (3, 11, 'B', 'regular'),
       (3, 12, 'B', 'regular'),
       (3, 13, 'B', 'regular'),
       (3, 14, 'B', 'regular'),
       (3, 1, 'C', 'regular'),
       (3, 2, 'C', 'regular'),
       (3, 3, 'C', 'regular'),
       (3, 4, 'C', 'regular'),
       (3, 5, 'C', 'regular'),
       (3, 6, 'C', 'regular'),
       (3, 7, 'C', 'regular'),
       (3, 8, 'C', 'regular'),
       (3, 9, 'C', 'regular'),
       (3, 10, 'C', 'regular'),
       (3, 11, 'C', 'regular'),
       (3, 12, 'C', 'regular'),
       (3, 13, 'C', 'regular'),
       (3, 14, 'C', 'regular'),
       (3, 1, 'D', 'regular'),
       (3, 2, 'D', 'regular'),
       (3, 3, 'D', 'regular'),
       (3, 4, 'D', 'regular'),
       (3, 5, 'D', 'regular'),
       (3, 6, 'D', 'regular'),
       (3, 7, 'D', 'regular'),
       (3, 8, 'D', 'regular'),
       (3, 9, 'D', 'regular'),
       (3, 10, 'D', 'regular'),
       (3, 11, 'D', 'regular'),
       (3, 12, 'D', 'regular'),
       (3, 13, 'D', 'regular'),
       (3, 14, 'D', 'regular'),
       (3, 1, 'E', 'regular'),
       (3, 2, 'E', 'regular'),
       (3, 3, 'E', 'regular'),
       (3, 4, 'E', 'regular'),
       (3, 5, 'E', 'regular'),
       (3, 6, 'E', 'regular'),
       (3, 7, 'E', 'regular'),
       (3, 8, 'E', 'regular'),
       (3, 9, 'E', 'regular'),
       (3, 10, 'E', 'regular'),
       (3, 11, 'E', 'regular'),
       (3, 12, 'E', 'regular'),
       (3, 13, 'E', 'regular'),
       (3, 14, 'E', 'regular'),
       (3, 1, 'F', 'regular'),
       (3, 2, 'F', 'regular'),
       (3, 3, 'F', 'regular'),
       (3, 4, 'F', 'regular'),
       (3, 5, 'F', 'regular'),
       (3, 6, 'F', 'regular'),
       (3, 7, 'F', 'regular'),
       (3, 8, 'F', 'regular'),
       (3, 9, 'F', 'regular'),
       (3, 10, 'F', 'regular'),
       (3, 11, 'F', 'regular'),
       (3, 12, 'F', 'regular'),
       (3, 13, 'F', 'regular'),
       (3, 14, 'F', 'regular'),
       (3, 1, 'G', 'love_nest'),
       (3, 2, 'G', 'love_nest'),
       (3, 3, 'G', 'love_nest'),
       (3, 4, 'G', 'love_nest'),
       (3, 5, 'G', 'love_nest'),
       (3, 6, 'G', 'love_nest'),
       (3, 7, 'G', 'love_nest'),
       (3, 8, 'G', 'love_nest'),
       (3, 9, 'G', 'love_nest'),
       (3, 10, 'G', 'love_nest'),
       (3, 11, 'G', 'love_nest'),
       (3, 12, 'G', 'love_nest'),
       (3, 13, 'G', 'love_nest'),
       (3, 14, 'G', 'love_nest');

-- Cinema 4
INSERT INTO seats (cinema_id, seat_number, row, seat_type)
VALUES (4, 1, 'A', 'regular'),
       (4, 2, 'A', 'regular'),
       (4, 3, 'A', 'regular'),
       (4, 4, 'A', 'regular'),
       (4, 5, 'A', 'regular'),
       (4, 6, 'A', 'regular'),
       (4, 7, 'A', 'regular'),
       (4, 8, 'A', 'regular'),
       (4, 9, 'A', 'regular'),
       (4, 10, 'A', 'regular'),
       (4, 11, 'A', 'regular'),
       (4, 12, 'A', 'regular'),
       (4, 13, 'A', 'regular'),
       (4, 14, 'A', 'regular'),
       (4, 1, 'B', 'regular'),
       (4, 2, 'B', 'regular'),
       (4, 3, 'B', 'regular'),
       (4, 4, 'B', 'regular'),
       (4, 5, 'B', 'regular'),
       (4, 6, 'B', 'regular'),
       (4, 7, 'B', 'regular'),
       (4, 8, 'B', 'regular'),
       (4, 9, 'B', 'regular'),
       (4, 10, 'B', 'regular'),
       (4, 11, 'B', 'regular'),
       (4, 12, 'B', 'regular'),
       (4, 13, 'B', 'regular'),
       (4, 14, 'B', 'regular'),
       (4, 1, 'C', 'regular'),
       (4, 2, 'C', 'regular'),
       (4, 3, 'C', 'regular'),
       (4, 4, 'C', 'regular'),
       (4, 5, 'C', 'regular'),
       (4, 6, 'C', 'regular'),
       (4, 7, 'C', 'regular'),
       (4, 8, 'C', 'regular'),
       (4, 9, 'C', 'regular'),
       (4, 10, 'C', 'regular'),
       (4, 11, 'C', 'regular'),
       (4, 12, 'C', 'regular'),
       (4, 13, 'C', 'regular'),
       (4, 14, 'C', 'regular'),
       (4, 1, 'D', 'regular'),
       (4, 2, 'D', 'regular'),
       (4, 3, 'D', 'regular'),
       (4, 4, 'D', 'regular'),
       (4, 5, 'D', 'regular'),
       (4, 6, 'D', 'regular'),
       (4, 7, 'D', 'regular'),
       (4, 8, 'D', 'regular'),
       (4, 9, 'D', 'regular'),
       (4, 10, 'D', 'regular'),
       (4, 11, 'D', 'regular'),
       (4, 12, 'D', 'regular'),
       (4, 13, 'D', 'regular'),
       (4, 14, 'D', 'regular'),
       (4, 1, 'E', 'regular'),
       (4, 2, 'E', 'regular'),
       (4, 3, 'E', 'regular'),
       (4, 4, 'E', 'regular'),
       (4, 5, 'E', 'regular'),
       (4, 6, 'E', 'regular'),
       (4, 7, 'E', 'regular'),
       (4, 8, 'E', 'regular'),
       (4, 9, 'E', 'regular'),
       (4, 10, 'E', 'regular'),
       (4, 11, 'E', 'regular'),
       (4, 12, 'E', 'regular'),
       (4, 13, 'E', 'regular'),
       (4, 14, 'E', 'regular'),
       (4, 1, 'F', 'regular'),
       (4, 2, 'F', 'regular'),
       (4, 3, 'F', 'regular'),
       (4, 4, 'F', 'regular'),
       (4, 5, 'F', 'regular'),
       (4, 6, 'F', 'regular'),
       (4, 7, 'F', 'regular'),
       (4, 8, 'F', 'regular'),
       (4, 9, 'F', 'regular'),
       (4, 10, 'F', 'regular'),
       (4, 11, 'F', 'regular'),
       (4, 12, 'F', 'regular'),
       (4, 13, 'F', 'regular'),
       (4, 14, 'F', 'regular'),
       (4, 1, 'G', 'love_nest'),
       (4, 2, 'G', 'love_nest'),
       (4, 3, 'G', 'love_nest'),
       (4, 4, 'G', 'love_nest'),
       (4, 5, 'G', 'love_nest'),
       (4, 6, 'G', 'love_nest'),
       (4, 7, 'G', 'love_nest'),
       (4, 8, 'G', 'love_nest'),
       (4, 9, 'G', 'love_nest'),
       (4, 10, 'G', 'love_nest'),
       (4, 11, 'G', 'love_nest'),
       (4, 12, 'G', 'love_nest'),
       (4, 13, 'G', 'love_nest'),
       (4, 14, 'G', 'love_nest');

-- Cinema 5
INSERT INTO seats (cinema_id, seat_number, row, seat_type)
VALUES (5, 1, 'A', 'regular'),
       (5, 2, 'A', 'regular'),
       (5, 3, 'A', 'regular'),
       (5, 4, 'A', 'regular'),
       (5, 5, 'A', 'regular'),
       (5, 6, 'A', 'regular'),
       (5, 7, 'A', 'regular'),
       (5, 8, 'A', 'regular'),
       (5, 9, 'A', 'regular'),
       (5, 10, 'A', 'regular'),
       (5, 11, 'A', 'regular'),
       (5, 12, 'A', 'regular'),
       (5, 13, 'A', 'regular'),
       (5, 14, 'A', 'regular'),
       (5, 1, 'B', 'regular'),
       (5, 2, 'B', 'regular'),
       (5, 3, 'B', 'regular'),
       (5, 4, 'B', 'regular'),
       (5, 5, 'B', 'regular'),
       (5, 6, 'B', 'regular'),
       (5, 7, 'B', 'regular'),
       (5, 8, 'B', 'regular'),
       (5, 9, 'B', 'regular'),
       (5, 10, 'B', 'regular'),
       (5, 11, 'B', 'regular'),
       (5, 12, 'B', 'regular'),
       (5, 13, 'B', 'regular'),
       (5, 14, 'B', 'regular'),
       (5, 1, 'C', 'regular'),
       (5, 2, 'C', 'regular'),
       (5, 3, 'C', 'regular'),
       (5, 4, 'C', 'regular'),
       (5, 5, 'C', 'regular'),
       (5, 6, 'C', 'regular'),
       (5, 7, 'C', 'regular'),
       (5, 8, 'C', 'regular'),
       (5, 9, 'C', 'regular'),
       (5, 10, 'C', 'regular'),
       (5, 11, 'C', 'regular'),
       (5, 12, 'C', 'regular'),
       (5, 13, 'C', 'regular'),
       (5, 14, 'C', 'regular'),
       (5, 1, 'D', 'regular'),
       (5, 2, 'D', 'regular'),
       (5, 3, 'D', 'regular'),
       (5, 4, 'D', 'regular'),
       (5, 5, 'D', 'regular'),
       (5, 6, 'D', 'regular'),
       (5, 7, 'D', 'regular'),
       (5, 8, 'D', 'regular'),
       (5, 9, 'D', 'regular'),
       (5, 10, 'D', 'regular'),
       (5, 11, 'D', 'regular'),
       (5, 12, 'D', 'regular'),
       (5, 13, 'D', 'regular'),
       (5, 14, 'D', 'regular'),
       (5, 1, 'E', 'regular'),
       (5, 2, 'E', 'regular'),
       (5, 3, 'E', 'regular'),
       (5, 4, 'E', 'regular'),
       (5, 5, 'E', 'regular'),
       (5, 6, 'E', 'regular'),
       (5, 7, 'E', 'regular'),
       (5, 8, 'E', 'regular'),
       (5, 9, 'E', 'regular'),
       (5, 10, 'E', 'regular'),
       (5, 11, 'E', 'regular'),
       (5, 12, 'E', 'regular'),
       (5, 13, 'E', 'regular'),
       (5, 14, 'E', 'regular'),
       (5, 1, 'F', 'regular'),
       (5, 2, 'F', 'regular'),
       (5, 3, 'F', 'regular'),
       (5, 4, 'F', 'regular'),
       (5, 5, 'F', 'regular'),
       (5, 6, 'F', 'regular'),
       (5, 7, 'F', 'regular'),
       (5, 8, 'F', 'regular'),
       (5, 9, 'F', 'regular'),
       (5, 10, 'F', 'regular'),
       (5, 11, 'F', 'regular'),
       (5, 12, 'F', 'regular'),
       (5, 13, 'F', 'regular'),
       (5, 14, 'F', 'regular'),
       (5, 1, 'G', 'love_nest'),
       (5, 2, 'G', 'love_nest'),
       (5, 3, 'G', 'love_nest'),
       (5, 4, 'G', 'love_nest'),
       (5, 5, 'G', 'love_nest'),
       (5, 6, 'G', 'love_nest'),
       (5, 7, 'G', 'love_nest'),
       (5, 8, 'G', 'love_nest'),
       (5, 9, 'G', 'love_nest'),
       (5, 10, 'G', 'love_nest'),
       (5, 11, 'G', 'love_nest'),
       (5, 12, 'G', 'love_nest'),
       (5, 13, 'G', 'love_nest'),
       (5, 14, 'G', 'love_nest');

-- Cinema 6
INSERT INTO seats (cinema_id, seat_number, row, seat_type)
VALUES (6, 1, 'A', 'regular'),
       (6, 2, 'A', 'regular'),
       (6, 3, 'A', 'regular'),
       (6, 4, 'A', 'regular'),
       (6, 5, 'A', 'regular'),
       (6, 6, 'A', 'regular'),
       (6, 7, 'A', 'regular'),
       (6, 8, 'A', 'regular'),
       (6, 9, 'A', 'regular'),
       (6, 10, 'A', 'regular'),
       (6, 11, 'A', 'regular'),
       (6, 12, 'A', 'regular'),
       (6, 13, 'A', 'regular'),
       (6, 14, 'A', 'regular'),
       (6, 1, 'B', 'regular'),
       (6, 2, 'B', 'regular'),
       (6, 3, 'B', 'regular'),
       (6, 4, 'B', 'regular'),
       (6, 5, 'B', 'regular'),
       (6, 6, 'B', 'regular'),
       (6, 7, 'B', 'regular'),
       (6, 8, 'B', 'regular'),
       (6, 9, 'B', 'regular'),
       (6, 10, 'B', 'regular'),
       (6, 11, 'B', 'regular'),
       (6, 12, 'B', 'regular'),
       (6, 13, 'B', 'regular'),
       (6, 14, 'B', 'regular'),
       (6, 1, 'C', 'regular'),
       (6, 2, 'C', 'regular'),
       (6, 3, 'C', 'regular'),
       (6, 4, 'C', 'regular'),
       (6, 5, 'C', 'regular'),
       (6, 6, 'C', 'regular'),
       (6, 7, 'C', 'regular'),
       (6, 8, 'C', 'regular'),
       (6, 9, 'C', 'regular'),
       (6, 10, 'C', 'regular'),
       (6, 11, 'C', 'regular'),
       (6, 12, 'C', 'regular'),
       (6, 13, 'C', 'regular'),
       (6, 14, 'C', 'regular'),
       (6, 1, 'D', 'regular'),
       (6, 2, 'D', 'regular'),
       (6, 3, 'D', 'regular'),
       (6, 4, 'D', 'regular'),
       (6, 5, 'D', 'regular'),
       (6, 6, 'D', 'regular'),
       (6, 7, 'D', 'regular'),
       (6, 8, 'D', 'regular'),
       (6, 9, 'D', 'regular'),
       (6, 10, 'D', 'regular'),
       (6, 11, 'D', 'regular'),
       (6, 12, 'D', 'regular'),
       (6, 13, 'D', 'regular'),
       (6, 14, 'D', 'regular'),
       (6, 1, 'E', 'regular'),
       (6, 2, 'E', 'regular'),
       (6, 3, 'E', 'regular'),
       (6, 4, 'E', 'regular'),
       (6, 5, 'E', 'regular'),
       (6, 6, 'E', 'regular'),
       (6, 7, 'E', 'regular'),
       (6, 8, 'E', 'regular'),
       (6, 9, 'E', 'regular'),
       (6, 10, 'E', 'regular'),
       (6, 11, 'E', 'regular'),
       (6, 12, 'E', 'regular'),
       (6, 13, 'E', 'regular'),
       (6, 14, 'E', 'regular'),
       (6, 1, 'F', 'regular'),
       (6, 2, 'F', 'regular'),
       (6, 3, 'F', 'regular'),
       (6, 4, 'F', 'regular'),
       (6, 5, 'F', 'regular'),
       (6, 6, 'F', 'regular'),
       (6, 7, 'F', 'regular'),
       (6, 8, 'F', 'regular'),
       (6, 9, 'F', 'regular'),
       (6, 10, 'F', 'regular'),
       (6, 11, 'F', 'regular'),
       (6, 12, 'F', 'regular'),
       (6, 13, 'F', 'regular'),
       (6, 14, 'F', 'regular'),
       (6, 1, 'G', 'love_nest'),
       (6, 2, 'G', 'love_nest'),
       (6, 3, 'G', 'love_nest'),
       (6, 4, 'G', 'love_nest'),
       (6, 5, 'G', 'love_nest'),
       (6, 6, 'G', 'love_nest'),
       (6, 7, 'G', 'love_nest'),
       (6, 8, 'G', 'love_nest'),
       (6, 9, 'G', 'love_nest'),
       (6, 10, 'G', 'love_nest'),
       (6, 11, 'G', 'love_nest'),
       (6, 12, 'G', 'love_nest'),
       (6, 13, 'G', 'love_nest'),
       (6, 14, 'G', 'love_nest');

-- Cinema 7
INSERT INTO seats (cinema_id, seat_number, row, seat_type)
VALUES (7, 1, 'A', 'regular'),
       (7, 2, 'A', 'regular'),
       (7, 3, 'A', 'regular'),
       (7, 4, 'A', 'regular'),
       (7, 5, 'A', 'regular'),
       (7, 6, 'A', 'regular'),
       (7, 7, 'A', 'regular'),
       (7, 8, 'A', 'regular'),
       (7, 9, 'A', 'regular'),
       (7, 10, 'A', 'regular'),
       (7, 11, 'A', 'regular'),
       (7, 12, 'A', 'regular'),
       (7, 13, 'A', 'regular'),
       (7, 14, 'A', 'regular'),
       (7, 1, 'B', 'regular'),
       (7, 2, 'B', 'regular'),
       (7, 3, 'B', 'regular'),
       (7, 4, 'B', 'regular'),
       (7, 5, 'B', 'regular'),
       (7, 6, 'B', 'regular'),
       (7, 7, 'B', 'regular'),
       (7, 8, 'B', 'regular'),
       (7, 9, 'B', 'regular'),
       (7, 10, 'B', 'regular'),
       (7, 11, 'B', 'regular'),
       (7, 12, 'B', 'regular'),
       (7, 13, 'B', 'regular'),
       (7, 14, 'B', 'regular'),
       (7, 1, 'C', 'regular'),
       (7, 2, 'C', 'regular'),
       (7, 3, 'C', 'regular'),
       (7, 4, 'C', 'regular'),
       (7, 5, 'C', 'regular'),
       (7, 6, 'C', 'regular'),
       (7, 7, 'C', 'regular'),
       (7, 8, 'C', 'regular'),
       (7, 9, 'C', 'regular'),
       (7, 10, 'C', 'regular'),
       (7, 11, 'C', 'regular'),
       (7, 12, 'C', 'regular'),
       (7, 13, 'C', 'regular'),
       (7, 14, 'C', 'regular'),
       (7, 1, 'D', 'regular'),
       (7, 2, 'D', 'regular'),
       (7, 3, 'D', 'regular'),
       (7, 4, 'D', 'regular'),
       (7, 5, 'D', 'regular'),
       (7, 6, 'D', 'regular'),
       (7, 7, 'D', 'regular'),
       (7, 8, 'D', 'regular'),
       (7, 9, 'D', 'regular'),
       (7, 10, 'D', 'regular'),
       (7, 11, 'D', 'regular'),
       (7, 12, 'D', 'regular'),
       (7, 13, 'D', 'regular'),
       (7, 14, 'D', 'regular'),
       (7, 1, 'E', 'regular'),
       (7, 2, 'E', 'regular'),
       (7, 3, 'E', 'regular'),
       (7, 4, 'E', 'regular'),
       (7, 5, 'E', 'regular'),
       (7, 6, 'E', 'regular'),
       (7, 7, 'E', 'regular'),
       (7, 8, 'E', 'regular'),
       (7, 9, 'E', 'regular'),
       (7, 10, 'E', 'regular'),
       (7, 11, 'E', 'regular'),
       (7, 12, 'E', 'regular'),
       (7, 13, 'E', 'regular'),
       (7, 14, 'E', 'regular'),
       (7, 1, 'F', 'regular'),
       (7, 2, 'F', 'regular'),
       (7, 3, 'F', 'regular'),
       (7, 4, 'F', 'regular'),
       (7, 5, 'F', 'regular'),
       (7, 6, 'F', 'regular'),
       (7, 7, 'F', 'regular'),
       (7, 8, 'F', 'regular'),
       (7, 9, 'F', 'regular'),
       (7, 10, 'F', 'regular'),
       (7, 11, 'F', 'regular'),
       (7, 12, 'F', 'regular'),
       (7, 13, 'F', 'regular'),
       (7, 14, 'F', 'regular'),
       (7, 1, 'G', 'love_nest'),
       (7, 2, 'G', 'love_nest'),
       (7, 3, 'G', 'love_nest'),
       (7, 4, 'G', 'love_nest'),
       (7, 5, 'G', 'love_nest'),
       (7, 6, 'G', 'love_nest'),
       (7, 7, 'G', 'love_nest'),
       (7, 8, 'G', 'love_nest'),
       (7, 9, 'G', 'love_nest'),
       (7, 10, 'G', 'love_nest'),
       (7, 11, 'G', 'love_nest'),
       (7, 12, 'G', 'love_nest'),
       (7, 13, 'G', 'love_nest'),
       (7, 14, 'G', 'love_nest');

-- Cinema 8
INSERT INTO seats (cinema_id, seat_number, row, seat_type)
VALUES (8, 1, 'A', 'regular'),
       (8, 2, 'A', 'regular'),
       (8, 3, 'A', 'regular'),
       (8, 4, 'A', 'regular'),
       (8, 5, 'A', 'regular'),
       (8, 6, 'A', 'regular'),
       (8, 7, 'A', 'regular'),
       (8, 8, 'A', 'regular'),
       (8, 9, 'A', 'regular'),
       (8, 10, 'A', 'regular'),
       (8, 11, 'A', 'regular'),
       (8, 12, 'A', 'regular'),
       (8, 13, 'A', 'regular'),
       (8, 14, 'A', 'regular'),
       (8, 1, 'B', 'regular'),
       (8, 2, 'B', 'regular'),
       (8, 3, 'B', 'regular'),
       (8, 4, 'B', 'regular'),
       (8, 5, 'B', 'regular'),
       (8, 6, 'B', 'regular'),
       (8, 7, 'B', 'regular'),
       (8, 8, 'B', 'regular'),
       (8, 9, 'B', 'regular'),
       (8, 10, 'B', 'regular'),
       (8, 11, 'B', 'regular'),
       (8, 12, 'B', 'regular'),
       (8, 13, 'B', 'regular'),
       (8, 14, 'B', 'regular'),
       (8, 1, 'C', 'regular'),
       (8, 2, 'C', 'regular'),
       (8, 3, 'C', 'regular'),
       (8, 4, 'C', 'regular'),
       (8, 5, 'C', 'regular'),
       (8, 6, 'C', 'regular'),
       (8, 7, 'C', 'regular'),
       (8, 8, 'C', 'regular'),
       (8, 9, 'C', 'regular'),
       (8, 10, 'C', 'regular'),
       (8, 11, 'C', 'regular'),
       (8, 12, 'C', 'regular'),
       (8, 13, 'C', 'regular'),
       (8, 14, 'C', 'regular'),
       (8, 1, 'D', 'regular'),
       (8, 2, 'D', 'regular'),
       (8, 3, 'D', 'regular'),
       (8, 4, 'D', 'regular'),
       (8, 5, 'D', 'regular'),
       (8, 6, 'D', 'regular'),
       (8, 7, 'D', 'regular'),
       (8, 8, 'D', 'regular'),
       (8, 9, 'D', 'regular'),
       (8, 10, 'D', 'regular'),
       (8, 11, 'D', 'regular'),
       (8, 12, 'D', 'regular'),
       (8, 13, 'D', 'regular'),
       (8, 14, 'D', 'regular'),
       (8, 1, 'E', 'regular'),
       (8, 2, 'E', 'regular'),
       (8, 3, 'E', 'regular'),
       (8, 4, 'E', 'regular'),
       (8, 5, 'E', 'regular'),
       (8, 6, 'E', 'regular'),
       (8, 7, 'E', 'regular'),
       (8, 8, 'E', 'regular'),
       (8, 9, 'E', 'regular'),
       (8, 10, 'E', 'regular'),
       (8, 11, 'E', 'regular'),
       (8, 12, 'E', 'regular'),
       (8, 13, 'E', 'regular'),
       (8, 14, 'E', 'regular'),
       (8, 1, 'F', 'regular'),
       (8, 2, 'F', 'regular'),
       (8, 3, 'F', 'regular'),
       (8, 4, 'F', 'regular'),
       (8, 5, 'F', 'regular'),
       (8, 6, 'F', 'regular'),
       (8, 7, 'F', 'regular'),
       (8, 8, 'F', 'regular'),
       (8, 9, 'F', 'regular'),
       (8, 10, 'F', 'regular'),
       (8, 11, 'F', 'regular'),
       (8, 12, 'F', 'regular'),
       (8, 13, 'F', 'regular'),
       (8, 14, 'F', 'regular'),
       (8, 1, 'G', 'love_nest'),
       (8, 2, 'G', 'love_nest'),
       (8, 3, 'G', 'love_nest'),
       (8, 4, 'G', 'love_nest'),
       (8, 5, 'G', 'love_nest'),
       (8, 6, 'G', 'love_nest'),
       (8, 7, 'G', 'love_nest'),
       (8, 8, 'G', 'love_nest'),
       (8, 9, 'G', 'love_nest'),
       (8, 10, 'G', 'love_nest'),
       (8, 11, 'G', 'love_nest'),
       (8, 12, 'G', 'love_nest'),
       (8, 13, 'G', 'love_nest'),
       (8, 14, 'G', 'love_nest');

-- Cinema 9
INSERT INTO seats (cinema_id, seat_number, row, seat_type)
VALUES (9, 1, 'A', 'regular'),
       (9, 2, 'A', 'regular'),
       (9, 3, 'A', 'regular'),
       (9, 4, 'A', 'regular'),
       (9, 5, 'A', 'regular'),
       (9, 6, 'A', 'regular'),
       (9, 7, 'A', 'regular'),
       (9, 8, 'A', 'regular'),
       (9, 9, 'A', 'regular'),
       (9, 10, 'A', 'regular'),
       (9, 11, 'A', 'regular'),
       (9, 12, 'A', 'regular'),
       (9, 13, 'A', 'regular'),
       (9, 14, 'A', 'regular'),
       (9, 1, 'B', 'regular'),
       (9, 2, 'B', 'regular'),
       (9, 3, 'B', 'regular'),
       (9, 4, 'B', 'regular'),
       (9, 5, 'B', 'regular'),
       (9, 6, 'B', 'regular'),
       (9, 7, 'B', 'regular'),
       (9, 8, 'B', 'regular'),
       (9, 9, 'B', 'regular'),
       (9, 10, 'B', 'regular'),
       (9, 11, 'B', 'regular'),
       (9, 12, 'B', 'regular'),
       (9, 13, 'B', 'regular'),
       (9, 14, 'B', 'regular'),
       (9, 1, 'C', 'regular'),
       (9, 2, 'C', 'regular'),
       (9, 3, 'C', 'regular'),
       (9, 4, 'C', 'regular'),
       (9, 5, 'C', 'regular'),
       (9, 6, 'C', 'regular'),
       (9, 7, 'C', 'regular'),
       (9, 8, 'C', 'regular'),
       (9, 9, 'C', 'regular'),
       (9, 10, 'C', 'regular'),
       (9, 11, 'C', 'regular'),
       (9, 12, 'C', 'regular'),
       (9, 13, 'C', 'regular'),
       (9, 14, 'C', 'regular'),
       (9, 1, 'D', 'regular'),
       (9, 2, 'D', 'regular'),
       (9, 3, 'D', 'regular'),
       (9, 4, 'D', 'regular'),
       (9, 5, 'D', 'regular'),
       (9, 6, 'D', 'regular'),
       (9, 7, 'D', 'regular'),
       (9, 8, 'D', 'regular'),
       (9, 9, 'D', 'regular'),
       (9, 10, 'D', 'regular'),
       (9, 11, 'D', 'regular'),
       (9, 12, 'D', 'regular'),
       (9, 13, 'D', 'regular'),
       (9, 14, 'D', 'regular'),
       (9, 1, 'E', 'regular'),
       (9, 2, 'E', 'regular'),
       (9, 3, 'E', 'regular'),
       (9, 4, 'E', 'regular'),
       (9, 5, 'E', 'regular'),
       (9, 6, 'E', 'regular'),
       (9, 7, 'E', 'regular'),
       (9, 8, 'E', 'regular'),
       (9, 9, 'E', 'regular'),
       (9, 10, 'E', 'regular'),
       (9, 11, 'E', 'regular'),
       (9, 12, 'E', 'regular'),
       (9, 13, 'E', 'regular'),
       (9, 14, 'E', 'regular'),
       (9, 1, 'F', 'regular'),
       (9, 2, 'F', 'regular'),
       (9, 3, 'F', 'regular'),
       (9, 4, 'F', 'regular'),
       (9, 5, 'F', 'regular'),
       (9, 6, 'F', 'regular'),
       (9, 7, 'F', 'regular'),
       (9, 8, 'F', 'regular'),
       (9, 9, 'F', 'regular'),
       (9, 10, 'F', 'regular'),
       (9, 11, 'F', 'regular'),
       (9, 12, 'F', 'regular'),
       (9, 13, 'F', 'regular'),
       (9, 14, 'F', 'regular'),
       (9, 1, 'G', 'love_nest'),
       (9, 2, 'G', 'love_nest'),
       (9, 3, 'G', 'love_nest'),
       (9, 4, 'G', 'love_nest'),
       (9, 5, 'G', 'love_nest'),
       (9, 6, 'G', 'love_nest'),
       (9, 7, 'G', 'love_nest'),
       (9, 8, 'G', 'love_nest'),
       (9, 9, 'G', 'love_nest'),
       (9, 10, 'G', 'love_nest'),
       (9, 11, 'G', 'love_nest'),
       (9, 12, 'G', 'love_nest'),
       (9, 13, 'G', 'love_nest'),
       (9, 14, 'G', 'love_nest');

-- Cinema 10
INSERT INTO seats (cinema_id, seat_number, row, seat_type)
VALUES (10, 1, 'A', 'regular'),
       (10, 2, 'A', 'regular'),
       (10, 3, 'A', 'regular'),
       (10, 4, 'A', 'regular'),
       (10, 5, 'A', 'regular'),
       (10, 6, 'A', 'regular'),
       (10, 7, 'A', 'regular'),
       (10, 8, 'A', 'regular'),
       (10, 9, 'A', 'regular'),
       (10, 10, 'A', 'regular'),
       (10, 11, 'A', 'regular'),
       (10, 12, 'A', 'regular'),
       (10, 13, 'A', 'regular'),
       (10, 14, 'A', 'regular'),
       (10, 1, 'B', 'regular'),
       (10, 2, 'B', 'regular'),
       (10, 3, 'B', 'regular'),
       (10, 4, 'B', 'regular'),
       (10, 5, 'B', 'regular'),
       (10, 6, 'B', 'regular'),
       (10, 7, 'B', 'regular'),
       (10, 8, 'B', 'regular'),
       (10, 9, 'B', 'regular'),
       (10, 10, 'B', 'regular'),
       (10, 11, 'B', 'regular'),
       (10, 12, 'B', 'regular'),
       (10, 13, 'B', 'regular'),
       (10, 14, 'B', 'regular'),
       (10, 1, 'C', 'regular'),
       (10, 2, 'C', 'regular'),
       (10, 3, 'C', 'regular'),
       (10, 4, 'C', 'regular'),
       (10, 5, 'C', 'regular'),
       (10, 6, 'C', 'regular'),
       (10, 7, 'C', 'regular'),
       (10, 8, 'C', 'regular'),
       (10, 9, 'C', 'regular'),
       (10, 10, 'C', 'regular'),
       (10, 11, 'C', 'regular'),
       (10, 12, 'C', 'regular'),
       (10, 13, 'C', 'regular'),
       (10, 14, 'C', 'regular'),
       (10, 1, 'D', 'regular'),
       (10, 2, 'D', 'regular'),
       (10, 3, 'D', 'regular'),
       (10, 4, 'D', 'regular'),
       (10, 5, 'D', 'regular'),
       (10, 6, 'D', 'regular'),
       (10, 7, 'D', 'regular'),
       (10, 8, 'D', 'regular'),
       (10, 9, 'D', 'regular'),
       (10, 10, 'D', 'regular'),
       (10, 11, 'D', 'regular'),
       (10, 12, 'D', 'regular'),
       (10, 13, 'D', 'regular'),
       (10, 14, 'D', 'regular'),
       (10, 1, 'E', 'regular'),
       (10, 2, 'E', 'regular'),
       (10, 3, 'E', 'regular'),
       (10, 4, 'E', 'regular'),
       (10, 5, 'E', 'regular'),
       (10, 6, 'E', 'regular'),
       (10, 7, 'E', 'regular'),
       (10, 8, 'E', 'regular'),
       (10, 9, 'E', 'regular'),
       (10, 10, 'E', 'regular'),
       (10, 11, 'E', 'regular'),
       (10, 12, 'E', 'regular'),
       (10, 13, 'E', 'regular'),
       (10, 14, 'E', 'regular'),
       (10, 1, 'F', 'regular'),
       (10, 2, 'F', 'regular'),
       (10, 3, 'F', 'regular'),
       (10, 4, 'F', 'regular'),
       (10, 5, 'F', 'regular'),
       (10, 6, 'F', 'regular'),
       (10, 7, 'F', 'regular'),
       (10, 8, 'F', 'regular'),
       (10, 9, 'F', 'regular'),
       (10, 10, 'F', 'regular'),
       (10, 11, 'F', 'regular'),
       (10, 12, 'F', 'regular'),
       (10, 13, 'F', 'regular'),
       (10, 14, 'F', 'regular'),
       (10, 1, 'G', 'love_nest'),
       (10, 2, 'G', 'love_nest'),
       (10, 3, 'G', 'love_nest'),
       (10, 4, 'G', 'love_nest'),
       (10, 5, 'G', 'love_nest'),
       (10, 6, 'G', 'love_nest'),
       (10, 7, 'G', 'love_nest'),
       (10, 8, 'G', 'love_nest'),
       (10, 9, 'G', 'love_nest'),
       (10, 10, 'G', 'love_nest'),
       (10, 11, 'G', 'love_nest'),
       (10, 12, 'G', 'love_nest'),
       (10, 13, 'G', 'love_nest'),
       (10, 14, 'G', 'love_nest');

-- Cinema 11
INSERT INTO seats (cinema_id, seat_number, row, seat_type)
VALUES (11, 1, 'A', 'regular'),
       (11, 2, 'A', 'regular'),
       (11, 3, 'A', 'regular'),
       (11, 4, 'A', 'regular'),
       (11, 5, 'A', 'regular'),
       (11, 6, 'A', 'regular'),
       (11, 7, 'A', 'regular'),
       (11, 8, 'A', 'regular'),
       (11, 9, 'A', 'regular'),
       (11, 10, 'A', 'regular'),
       (11, 11, 'A', 'regular'),
       (11, 12, 'A', 'regular'),
       (11, 13, 'A', 'regular'),
       (11, 14, 'A', 'regular'),
       (11, 1, 'B', 'regular'),
       (11, 2, 'B', 'regular'),
       (11, 3, 'B', 'regular'),
       (11, 4, 'B', 'regular'),
       (11, 5, 'B', 'regular'),
       (11, 6, 'B', 'regular'),
       (11, 7, 'B', 'regular'),
       (11, 8, 'B', 'regular'),
       (11, 9, 'B', 'regular'),
       (11, 10, 'B', 'regular'),
       (11, 11, 'B', 'regular'),
       (11, 12, 'B', 'regular'),
       (11, 13, 'B', 'regular'),
       (11, 14, 'B', 'regular'),
       (11, 1, 'C', 'regular'),
       (11, 2, 'C', 'regular'),
       (11, 3, 'C', 'regular'),
       (11, 4, 'C', 'regular'),
       (11, 5, 'C', 'regular'),
       (11, 6, 'C', 'regular'),
       (11, 7, 'C', 'regular'),
       (11, 8, 'C', 'regular'),
       (11, 9, 'C', 'regular'),
       (11, 10, 'C', 'regular'),
       (11, 11, 'C', 'regular'),
       (11, 12, 'C', 'regular'),
       (11, 13, 'C', 'regular'),
       (11, 14, 'C', 'regular'),
       (11, 1, 'D', 'regular'),
       (11, 2, 'D', 'regular'),
       (11, 3, 'D', 'regular'),
       (11, 4, 'D', 'regular'),
       (11, 5, 'D', 'regular'),
       (11, 6, 'D', 'regular'),
       (11, 7, 'D', 'regular'),
       (11, 8, 'D', 'regular'),
       (11, 9, 'D', 'regular'),
       (11, 10, 'D', 'regular'),
       (11, 11, 'D', 'regular'),
       (11, 12, 'D', 'regular'),
       (11, 13, 'D', 'regular'),
       (11, 14, 'D', 'regular'),
       (11, 1, 'E', 'regular'),
       (11, 2, 'E', 'regular'),
       (11, 3, 'E', 'regular'),
       (11, 4, 'E', 'regular'),
       (11, 5, 'E', 'regular'),
       (11, 6, 'E', 'regular'),
       (11, 7, 'E', 'regular'),
       (11, 8, 'E', 'regular'),
       (11, 9, 'E', 'regular'),
       (11, 10, 'E', 'regular'),
       (11, 11, 'E', 'regular'),
       (11, 12, 'E', 'regular'),
       (11, 13, 'E', 'regular'),
       (11, 14, 'E', 'regular'),
       (11, 1, 'F', 'regular'),
       (11, 2, 'F', 'regular'),
       (11, 3, 'F', 'regular'),
       (11, 4, 'F', 'regular'),
       (11, 5, 'F', 'regular'),
       (11, 6, 'F', 'regular'),
       (11, 7, 'F', 'regular'),
       (11, 8, 'F', 'regular'),
       (11, 9, 'F', 'regular'),
       (11, 10, 'F', 'regular'),
       (11, 11, 'F', 'regular'),
       (11, 12, 'F', 'regular'),
       (11, 13, 'F', 'regular'),
       (11, 14, 'F', 'regular'),
       (11, 1, 'G', 'love_nest'),
       (11, 2, 'G', 'love_nest'),
       (11, 3, 'G', 'love_nest'),
       (11, 4, 'G', 'love_nest'),
       (11, 5, 'G', 'love_nest'),
       (11, 6, 'G', 'love_nest'),
       (11, 7, 'G', 'love_nest'),
       (11, 8, 'G', 'love_nest'),
       (11, 9, 'G', 'love_nest'),
       (11, 10, 'G', 'love_nest'),
       (11, 11, 'G', 'love_nest'),
       (11, 12, 'G', 'love_nest'),
       (11, 13, 'G', 'love_nest'),
       (11, 14, 'G', 'love_nest');

-- Cinema 12
INSERT INTO seats (cinema_id, seat_number, row, seat_type)
VALUES (12, 1, 'A', 'regular'),
       (12, 2, 'A', 'regular'),
       (12, 3, 'A', 'regular'),
       (12, 4, 'A', 'regular'),
       (12, 5, 'A', 'regular'),
       (12, 6, 'A', 'regular'),
       (12, 7, 'A', 'regular'),
       (12, 8, 'A', 'regular'),
       (12, 9, 'A', 'regular'),
       (12, 10, 'A', 'regular'),
       (12, 11, 'A', 'regular'),
       (12, 12, 'A', 'regular'),
       (12, 13, 'A', 'regular'),
       (12, 14, 'A', 'regular'),
       (12, 1, 'B', 'regular'),
       (12, 2, 'B', 'regular'),
       (12, 3, 'B', 'regular'),
       (12, 4, 'B', 'regular'),
       (12, 5, 'B', 'regular'),
       (12, 6, 'B', 'regular'),
       (12, 7, 'B', 'regular'),
       (12, 8, 'B', 'regular'),
       (12, 9, 'B', 'regular'),
       (12, 10, 'B', 'regular'),
       (12, 11, 'B', 'regular'),
       (12, 12, 'B', 'regular'),
       (12, 13, 'B', 'regular'),
       (12, 14, 'B', 'regular'),
       (12, 1, 'C', 'regular'),
       (12, 2, 'C', 'regular'),
       (12, 3, 'C', 'regular'),
       (12, 4, 'C', 'regular'),
       (12, 5, 'C', 'regular'),
       (12, 6, 'C', 'regular'),
       (12, 7, 'C', 'regular'),
       (12, 8, 'C', 'regular'),
       (12, 9, 'C', 'regular'),
       (12, 10, 'C', 'regular'),
       (12, 11, 'C', 'regular'),
       (12, 12, 'C', 'regular'),
       (12, 13, 'C', 'regular'),
       (12, 14, 'C', 'regular'),
       (12, 1, 'D', 'regular'),
       (12, 2, 'D', 'regular'),
       (12, 3, 'D', 'regular'),
       (12, 4, 'D', 'regular'),
       (12, 5, 'D', 'regular'),
       (12, 6, 'D', 'regular'),
       (12, 7, 'D', 'regular'),
       (12, 8, 'D', 'regular'),
       (12, 9, 'D', 'regular'),
       (12, 10, 'D', 'regular'),
       (12, 11, 'D', 'regular'),
       (12, 12, 'D', 'regular'),
       (12, 13, 'D', 'regular'),
       (12, 14, 'D', 'regular'),
       (12, 1, 'E', 'regular'),
       (12, 2, 'E', 'regular'),
       (12, 3, 'E', 'regular'),
       (12, 4, 'E', 'regular'),
       (12, 5, 'E', 'regular'),
       (12, 6, 'E', 'regular'),
       (12, 7, 'E', 'regular'),
       (12, 8, 'E', 'regular'),
       (12, 9, 'E', 'regular'),
       (12, 10, 'E', 'regular'),
       (12, 11, 'E', 'regular'),
       (12, 12, 'E', 'regular'),
       (12, 13, 'E', 'regular'),
       (12, 14, 'E', 'regular'),
       (12, 1, 'F', 'regular'),
       (12, 2, 'F', 'regular'),
       (12, 3, 'F', 'regular'),
       (12, 4, 'F', 'regular'),
       (12, 5, 'F', 'regular'),
       (12, 6, 'F', 'regular'),
       (12, 7, 'F', 'regular'),
       (12, 8, 'F', 'regular'),
       (12, 9, 'F', 'regular'),
       (12, 10, 'F', 'regular'),
       (12, 11, 'F', 'regular'),
       (12, 12, 'F', 'regular'),
       (12, 13, 'F', 'regular'),
       (12, 14, 'F', 'regular'),
       (12, 1, 'G', 'love_nest'),
       (12, 2, 'G', 'love_nest'),
       (12, 3, 'G', 'love_nest'),
       (12, 4, 'G', 'love_nest'),
       (12, 5, 'G', 'love_nest'),
       (12, 6, 'G', 'love_nest'),
       (12, 7, 'G', 'love_nest'),
       (12, 8, 'G', 'love_nest'),
       (12, 9, 'G', 'love_nest'),
       (12, 10, 'G', 'love_nest'),
       (12, 11, 'G', 'love_nest'),
       (12, 12, 'G', 'love_nest'),
       (12, 13, 'G', 'love_nest'),
       (12, 14, 'G', 'love_nest');

-- Cinema 13
INSERT INTO seats (cinema_id, seat_number, row, seat_type)
VALUES (13, 1, 'A', 'regular'),
       (13, 2, 'A', 'regular'),
       (13, 3, 'A', 'regular'),
       (13, 4, 'A', 'regular'),
       (13, 5, 'A', 'regular'),
       (13, 6, 'A', 'regular'),
       (13, 7, 'A', 'regular'),
       (13, 8, 'A', 'regular'),
       (13, 9, 'A', 'regular'),
       (13, 10, 'A', 'regular'),
       (13, 11, 'A', 'regular'),
       (13, 12, 'A', 'regular'),
       (13, 13, 'A', 'regular'),
       (13, 14, 'A', 'regular'),
       (13, 1, 'B', 'regular'),
       (13, 2, 'B', 'regular'),
       (13, 3, 'B', 'regular'),
       (13, 4, 'B', 'regular'),
       (13, 5, 'B', 'regular'),
       (13, 6, 'B', 'regular'),
       (13, 7, 'B', 'regular'),
       (13, 8, 'B', 'regular'),
       (13, 9, 'B', 'regular'),
       (13, 10, 'B', 'regular'),
       (13, 11, 'B', 'regular'),
       (13, 12, 'B', 'regular'),
       (13, 13, 'B', 'regular'),
       (13, 14, 'B', 'regular'),
       (13, 1, 'C', 'regular'),
       (13, 2, 'C', 'regular'),
       (13, 3, 'C', 'regular'),
       (13, 4, 'C', 'regular'),
       (13, 5, 'C', 'regular'),
       (13, 6, 'C', 'regular'),
       (13, 7, 'C', 'regular'),
       (13, 8, 'C', 'regular'),
       (13, 9, 'C', 'regular'),
       (13, 10, 'C', 'regular'),
       (13, 11, 'C', 'regular'),
       (13, 12, 'C', 'regular'),
       (13, 13, 'C', 'regular'),
       (13, 14, 'C', 'regular'),
       (13, 1, 'D', 'regular'),
       (13, 2, 'D', 'regular'),
       (13, 3, 'D', 'regular'),
       (13, 4, 'D', 'regular'),
       (13, 5, 'D', 'regular'),
       (13, 6, 'D', 'regular'),
       (13, 7, 'D', 'regular'),
       (13, 8, 'D', 'regular'),
       (13, 9, 'D', 'regular'),
       (13, 10, 'D', 'regular'),
       (13, 11, 'D', 'regular'),
       (13, 12, 'D', 'regular'),
       (13, 13, 'D', 'regular'),
       (13, 14, 'D', 'regular'),
       (13, 1, 'E', 'regular'),
       (13, 2, 'E', 'regular'),
       (13, 3, 'E', 'regular'),
       (13, 4, 'E', 'regular'),
       (13, 5, 'E', 'regular'),
       (13, 6, 'E', 'regular'),
       (13, 7, 'E', 'regular'),
       (13, 8, 'E', 'regular'),
       (13, 9, 'E', 'regular'),
       (13, 10, 'E', 'regular'),
       (13, 11, 'E', 'regular'),
       (13, 12, 'E', 'regular'),
       (13, 13, 'E', 'regular'),
       (13, 14, 'E', 'regular'),
       (13, 1, 'F', 'regular'),
       (13, 2, 'F', 'regular'),
       (13, 3, 'F', 'regular'),
       (13, 4, 'F', 'regular'),
       (13, 5, 'F', 'regular'),
       (13, 6, 'F', 'regular'),
       (13, 7, 'F', 'regular'),
       (13, 8, 'F', 'regular'),
       (13, 9, 'F', 'regular'),
       (13, 10, 'F', 'regular'),
       (13, 11, 'F', 'regular'),
       (13, 12, 'F', 'regular'),
       (13, 13, 'F', 'regular'),
       (13, 14, 'F', 'regular'),
       (13, 1, 'G', 'love_nest'),
       (13, 2, 'G', 'love_nest'),
       (13, 3, 'G', 'love_nest'),
       (13, 4, 'G', 'love_nest'),
       (13, 5, 'G', 'love_nest'),
       (13, 6, 'G', 'love_nest'),
       (13, 7, 'G', 'love_nest'),
       (13, 8, 'G', 'love_nest'),
       (13, 9, 'G', 'love_nest'),
       (13, 10, 'G', 'love_nest'),
       (13, 11, 'G', 'love_nest'),
       (13, 12, 'G', 'love_nest'),
       (13, 13, 'G', 'love_nest'),
       (13, 14, 'G', 'love_nest');

-- Cinema 14
INSERT INTO seats (cinema_id, seat_number, row, seat_type)
VALUES (14, 1, 'A', 'regular'),
       (14, 2, 'A', 'regular'),
       (14, 3, 'A', 'regular'),
       (14, 4, 'A', 'regular'),
       (14, 5, 'A', 'regular'),
       (14, 6, 'A', 'regular'),
       (14, 7, 'A', 'regular'),
       (14, 8, 'A', 'regular'),
       (14, 9, 'A', 'regular'),
       (14, 10, 'A', 'regular'),
       (14, 11, 'A', 'regular'),
       (14, 12, 'A', 'regular'),
       (14, 13, 'A', 'regular'),
       (14, 14, 'A', 'regular'),
       (14, 1, 'B', 'regular'),
       (14, 2, 'B', 'regular'),
       (14, 3, 'B', 'regular'),
       (14, 4, 'B', 'regular'),
       (14, 5, 'B', 'regular'),
       (14, 6, 'B', 'regular'),
       (14, 7, 'B', 'regular'),
       (14, 8, 'B', 'regular'),
       (14, 9, 'B', 'regular'),
       (14, 10, 'B', 'regular'),
       (14, 11, 'B', 'regular'),
       (14, 12, 'B', 'regular'),
       (14, 13, 'B', 'regular'),
       (14, 14, 'B', 'regular'),
       (14, 1, 'C', 'regular'),
       (14, 2, 'C', 'regular'),
       (14, 3, 'C', 'regular'),
       (14, 4, 'C', 'regular'),
       (14, 5, 'C', 'regular'),
       (14, 6, 'C', 'regular'),
       (14, 7, 'C', 'regular'),
       (14, 8, 'C', 'regular'),
       (14, 9, 'C', 'regular'),
       (14, 10, 'C', 'regular'),
       (14, 11, 'C', 'regular'),
       (14, 12, 'C', 'regular'),
       (14, 13, 'C', 'regular'),
       (14, 14, 'C', 'regular'),
       (14, 1, 'D', 'regular'),
       (14, 2, 'D', 'regular'),
       (14, 3, 'D', 'regular'),
       (14, 4, 'D', 'regular'),
       (14, 5, 'D', 'regular'),
       (14, 6, 'D', 'regular'),
       (14, 7, 'D', 'regular'),
       (14, 8, 'D', 'regular'),
       (14, 9, 'D', 'regular'),
       (14, 10, 'D', 'regular'),
       (14, 11, 'D', 'regular'),
       (14, 12, 'D', 'regular'),
       (14, 13, 'D', 'regular'),
       (14, 14, 'D', 'regular'),
       (14, 1, 'E', 'regular'),
       (14, 2, 'E', 'regular'),
       (14, 3, 'E', 'regular'),
       (14, 4, 'E', 'regular'),
       (14, 5, 'E', 'regular'),
       (14, 6, 'E', 'regular'),
       (14, 7, 'E', 'regular'),
       (14, 8, 'E', 'regular'),
       (14, 9, 'E', 'regular'),
       (14, 10, 'E', 'regular'),
       (14, 11, 'E', 'regular'),
       (14, 12, 'E', 'regular'),
       (14, 13, 'E', 'regular'),
       (14, 14, 'E', 'regular'),
       (14, 1, 'F', 'regular'),
       (14, 2, 'F', 'regular'),
       (14, 3, 'F', 'regular'),
       (14, 4, 'F', 'regular'),
       (14, 5, 'F', 'regular'),
       (14, 6, 'F', 'regular'),
       (14, 7, 'F', 'regular'),
       (14, 8, 'F', 'regular'),
       (14, 9, 'F', 'regular'),
       (14, 10, 'F', 'regular'),
       (14, 11, 'F', 'regular'),
       (14, 12, 'F', 'regular'),
       (14, 13, 'F', 'regular'),
       (14, 14, 'F', 'regular'),
       (14, 1, 'G', 'love_nest'),
       (14, 2, 'G', 'love_nest'),
       (14, 3, 'G', 'love_nest'),
       (14, 4, 'G', 'love_nest'),
       (14, 5, 'G', 'love_nest'),
       (14, 6, 'G', 'love_nest'),
       (14, 7, 'G', 'love_nest'),
       (14, 8, 'G', 'love_nest'),
       (14, 9, 'G', 'love_nest'),
       (14, 10, 'G', 'love_nest'),
       (14, 11, 'G', 'love_nest'),
       (14, 12, 'G', 'love_nest'),
       (14, 13, 'G', 'love_nest'),
       (14, 14, 'G', 'love_nest');

-- Cinema 15
INSERT INTO seats (cinema_id, seat_number, row, seat_type)
VALUES (15, 1, 'A', 'regular'),
       (15, 2, 'A', 'regular'),
       (15, 3, 'A', 'regular'),
       (15, 4, 'A', 'regular'),
       (15, 5, 'A', 'regular'),
       (15, 6, 'A', 'regular'),
       (15, 7, 'A', 'regular'),
       (15, 8, 'A', 'regular'),
       (15, 9, 'A', 'regular'),
       (15, 10, 'A', 'regular'),
       (15, 11, 'A', 'regular'),
       (15, 12, 'A', 'regular'),
       (15, 13, 'A', 'regular'),
       (15, 14, 'A', 'regular'),
       (15, 1, 'B', 'regular'),
       (15, 2, 'B', 'regular'),
       (15, 3, 'B', 'regular'),
       (15, 4, 'B', 'regular'),
       (15, 5, 'B', 'regular'),
       (15, 6, 'B', 'regular'),
       (15, 7, 'B', 'regular'),
       (15, 8, 'B', 'regular'),
       (15, 9, 'B', 'regular'),
       (15, 10, 'B', 'regular'),
       (15, 11, 'B', 'regular'),
       (15, 12, 'B', 'regular'),
       (15, 13, 'B', 'regular'),
       (15, 14, 'B', 'regular'),
       (15, 1, 'C', 'regular'),
       (15, 2, 'C', 'regular'),
       (15, 3, 'C', 'regular'),
       (15, 4, 'C', 'regular'),
       (15, 5, 'C', 'regular'),
       (15, 6, 'C', 'regular'),
       (15, 7, 'C', 'regular'),
       (15, 8, 'C', 'regular'),
       (15, 9, 'C', 'regular'),
       (15, 10, 'C', 'regular'),
       (15, 11, 'C', 'regular'),
       (15, 12, 'C', 'regular'),
       (15, 13, 'C', 'regular'),
       (15, 14, 'C', 'regular'),
       (15, 1, 'D', 'regular'),
       (15, 2, 'D', 'regular'),
       (15, 3, 'D', 'regular'),
       (15, 4, 'D', 'regular'),
       (15, 5, 'D', 'regular'),
       (15, 6, 'D', 'regular'),
       (15, 7, 'D', 'regular'),
       (15, 8, 'D', 'regular'),
       (15, 9, 'D', 'regular'),
       (15, 10, 'D', 'regular'),
       (15, 11, 'D', 'regular'),
       (15, 12, 'D', 'regular'),
       (15, 13, 'D', 'regular'),
       (15, 14, 'D', 'regular'),
       (15, 1, 'E', 'regular'),
       (15, 2, 'E', 'regular'),
       (15, 3, 'E', 'regular'),
       (15, 4, 'E', 'regular'),
       (15, 5, 'E', 'regular'),
       (15, 6, 'E', 'regular'),
       (15, 7, 'E', 'regular'),
       (15, 8, 'E', 'regular'),
       (15, 9, 'E', 'regular'),
       (15, 10, 'E', 'regular'),
       (15, 11, 'E', 'regular'),
       (15, 12, 'E', 'regular'),
       (15, 13, 'E', 'regular'),
       (15, 14, 'E', 'regular'),
       (15, 1, 'F', 'regular'),
       (15, 2, 'F', 'regular'),
       (15, 3, 'F', 'regular'),
       (15, 4, 'F', 'regular'),
       (15, 5, 'F', 'regular'),
       (15, 6, 'F', 'regular'),
       (15, 7, 'F', 'regular'),
       (15, 8, 'F', 'regular'),
       (15, 9, 'F', 'regular'),
       (15, 10, 'F', 'regular'),
       (15, 11, 'F', 'regular'),
       (15, 12, 'F', 'regular'),
       (15, 13, 'F', 'regular'),
       (15, 14, 'F', 'regular'),
       (15, 1, 'G', 'love_nest'),
       (15, 2, 'G', 'love_nest'),
       (15, 3, 'G', 'love_nest'),
       (15, 4, 'G', 'love_nest'),
       (15, 5, 'G', 'love_nest'),
       (15, 6, 'G', 'love_nest'),
       (15, 7, 'G', 'love_nest'),
       (15, 8, 'G', 'love_nest'),
       (15, 9, 'G', 'love_nest'),
       (15, 10, 'G', 'love_nest'),
       (15, 11, 'G', 'love_nest'),
       (15, 12, 'G', 'love_nest'),
       (15, 13, 'G', 'love_nest'),
       (15, 14, 'G', 'love_nest');

-- ============================================================
-- 12. USERS (25 users — password: 'password123' argon2id)
-- ============================================================
INSERT INTO users (id, email, password, first_name, last_name, phone, photo, location_id, isActive, role)
VALUES (1, 'admin@tickitz.id',
        '$argon2id$v=19$m=65536,t=2,p=1$xIJYsW0jYK6HncD8JVUsZA$wGP3m49Qm7OrrFOAu/baOcutE3s/sUb0LaoGLy7B13Y', 'Super',
        'Admin', '08100000001', 'https://storage.tickitz.id/users/admin1.jpg', 1, true, 'admin'),
       (2, 'budi.admin@tickitz.id',
        '$argon2id$v=19$m=65536,t=2,p=1$xIJYsW0jYK6HncD8JVUsZA$wGP3m49Qm7OrrFOAu/baOcutE3s/sUb0LaoGLy7B13Y', 'Budi',
        'Santoso', '08100000002', 'https://storage.tickitz.id/users/admin2.jpg', 2, true, 'admin'),
       (3, 'sari.admin@tickitz.id',
        '$argon2id$v=19$m=65536,t=2,p=1$xIJYsW0jYK6HncD8JVUsZA$wGP3m49Qm7OrrFOAu/baOcutE3s/sUb0LaoGLy7B13Y', 'Sari',
        'Wulandari', '08100000003', 'https://storage.tickitz.id/users/admin3.jpg', 3, true, 'admin'),
       (4, 'andi.pratama@gmail.com',
        '$argon2id$v=19$m=65536,t=2,p=1$xIJYsW0jYK6HncD8JVUsZA$wGP3m49Qm7OrrFOAu/baOcutE3s/sUb0LaoGLy7B13Y', 'Andi',
        'Pratama', '08111111101', 'https://storage.tickitz.id/users/user4.jpg', 1, true, 'user'),
       (5, 'rina.lestari@gmail.com',
        '$argon2id$v=19$m=65536,t=2,p=1$xIJYsW0jYK6HncD8JVUsZA$wGP3m49Qm7OrrFOAu/baOcutE3s/sUb0LaoGLy7B13Y', 'Rina',
        'Lestari', '08111111102', 'https://storage.tickitz.id/users/user5.jpg', 1, true, 'user'),
       (6, 'doni.kurniawan@yahoo.com',
        '$argon2id$v=19$m=65536,t=2,p=1$xIJYsW0jYK6HncD8JVUsZA$wGP3m49Qm7OrrFOAu/baOcutE3s/sUb0LaoGLy7B13Y', 'Doni',
        'Kurniawan', '08111111103', 'https://storage.tickitz.id/users/user6.jpg', 2, true, 'user'),
       (7, 'bagas.wijaya@gmail.com',
        '$argon2id$v=19$m=65536,t=2,p=1$xIJYsW0jYK6HncD8JVUsZA$wGP3m49Qm7OrrFOAu/baOcutE3s/sUb0LaoGLy7B13Y', 'Bagas',
        'Wijaya', '08111111104', 'https://storage.tickitz.id/users/user7.jpg', 3, true, 'user'),
       (8, 'nadia.putri@gmail.com',
        '$argon2id$v=19$m=65536,t=2,p=1$xIJYsW0jYK6HncD8JVUsZA$wGP3m49Qm7OrrFOAu/baOcutE3s/sUb0LaoGLy7B13Y', 'Nadia',
        'Putri', '08111111105', 'https://storage.tickitz.id/users/user8.jpg', 3, true, 'user'),
       (9, 'reza.maulana@gmail.com',
        '$argon2id$v=19$m=65536,t=2,p=1$xIJYsW0jYK6HncD8JVUsZA$wGP3m49Qm7OrrFOAu/baOcutE3s/sUb0LaoGLy7B13Y', 'Reza',
        'Maulana', '08111111106', 'https://storage.tickitz.id/users/user9.jpg', 4, true, 'user'),
       (10, 'fitri.handayani@gmail.com',
        '$argon2id$v=19$m=65536,t=2,p=1$xIJYsW0jYK6HncD8JVUsZA$wGP3m49Qm7OrrFOAu/baOcutE3s/sUb0LaoGLy7B13Y', 'Fitri',
        'Handayani', '08111111107', 'https://storage.tickitz.id/users/user10.jpg', 1, true, 'user'),
       (11, 'hendra.gunawan@gmail.com',
        '$argon2id$v=19$m=65536,t=2,p=1$xIJYsW0jYK6HncD8JVUsZA$wGP3m49Qm7OrrFOAu/baOcutE3s/sUb0LaoGLy7B13Y', 'Hendra',
        'Gunawan', '08111111108', 'https://storage.tickitz.id/users/user11.jpg', 5, true, 'user'),
       (12, 'dewi.anggraeni@gmail.com',
        '$argon2id$v=19$m=65536,t=2,p=1$xIJYsW0jYK6HncD8JVUsZA$wGP3m49Qm7OrrFOAu/baOcutE3s/sUb0LaoGLy7B13Y', 'Dewi',
        'Anggraeni', '08111111109', 'https://storage.tickitz.id/users/user12.jpg', 1, true, 'user'),
       (13, 'agus.setiawan@gmail.com',
        '$argon2id$v=19$m=65536,t=2,p=1$xIJYsW0jYK6HncD8JVUsZA$wGP3m49Qm7OrrFOAu/baOcutE3s/sUb0LaoGLy7B13Y', 'Agus',
        'Setiawan', '08111111110', 'https://storage.tickitz.id/users/user13.jpg', 8, true, 'user'),
       (14, 'sinta.permata@gmail.com',
        '$argon2id$v=19$m=65536,t=2,p=1$xIJYsW0jYK6HncD8JVUsZA$wGP3m49Qm7OrrFOAu/baOcutE3s/sUb0LaoGLy7B13Y', 'Sinta',
        'Permata', '08111111111', 'https://storage.tickitz.id/users/user14.jpg', 9, true, 'user'),
       (15, 'lisa.amelia@gmail.com',
        '$argon2id$v=19$m=65536,t=2,p=1$xIJYsW0jYK6HncD8JVUsZA$wGP3m49Qm7OrrFOAu/baOcutE3s/sUb0LaoGLy7B13Y', 'Lisa',
        'Amelia', '08111111112', 'https://storage.tickitz.id/users/user15.jpg', 2, true, 'user'),
       (16, 'tommy.wirawan@gmail.com',
        '$argon2id$v=19$m=65536,t=2,p=1$xIJYsW0jYK6HncD8JVUsZA$wGP3m49Qm7OrrFOAu/baOcutE3s/sUb0LaoGLy7B13Y', 'Tommy',
        'Wirawan', '08111111113', 'https://storage.tickitz.id/users/user16.jpg', 3, true, 'user'),
       (17, 'yuni.astuti@gmail.com',
        '$argon2id$v=19$m=65536,t=2,p=1$xIJYsW0jYK6HncD8JVUsZA$wGP3m49Qm7OrrFOAu/baOcutE3s/sUb0LaoGLy7B13Y', 'Yuni',
        'Astuti', '08111111114', 'https://storage.tickitz.id/users/user17.jpg', 1, true, 'user'),
       (18, 'kevin.pratama@gmail.com',
        '$argon2id$v=19$m=65536,t=2,p=1$xIJYsW0jYK6HncD8JVUsZA$wGP3m49Qm7OrrFOAu/baOcutE3s/sUb0LaoGLy7B13Y', 'Kevin',
        'Pratama', '08111111115', 'https://storage.tickitz.id/users/user18.jpg', 6, true, 'user'),
       (19, 'amanda.putri@gmail.com',
        '$argon2id$v=19$m=65536,t=2,p=1$xIJYsW0jYK6HncD8JVUsZA$wGP3m49Qm7OrrFOAu/baOcutE3s/sUb0LaoGLy7B13Y', 'Amanda',
        'Putri', '08111111116', 'https://storage.tickitz.id/users/user19.jpg', 11, true, 'user'),
       (20, 'rizky.hamdani@gmail.com',
        '$argon2id$v=19$m=65536,t=2,p=1$xIJYsW0jYK6HncD8JVUsZA$wGP3m49Qm7OrrFOAu/baOcutE3s/sUb0LaoGLy7B13Y', 'Rizky',
        'Hamdani', '08111111117', 'https://storage.tickitz.id/users/user20.jpg', 1, true, 'user'),
       (21, 'clara.monica@gmail.com',
        '$argon2id$v=19$m=65536,t=2,p=1$xIJYsW0jYK6HncD8JVUsZA$wGP3m49Qm7OrrFOAu/baOcutE3s/sUb0LaoGLy7B13Y', 'Clara',
        'Monica', '08111111118', 'https://storage.tickitz.id/users/user21.jpg', 2, true, 'user'),
       (22, 'dimas.arif@gmail.com',
        '$argon2id$v=19$m=65536,t=2,p=1$xIJYsW0jYK6HncD8JVUsZA$wGP3m49Qm7OrrFOAu/baOcutE3s/sUb0LaoGLy7B13Y', 'Dimas',
        'Arif', '08111111119', 'https://storage.tickitz.id/users/user22.jpg', 7, true, 'user'),
       (23, 'maya.sari@gmail.com',
        '$argon2id$v=19$m=65536,t=2,p=1$xIJYsW0jYK6HncD8JVUsZA$wGP3m49Qm7OrrFOAu/baOcutE3s/sUb0LaoGLy7B13Y', 'Maya',
        'Sari', '08111111120', NULL, 2, false, 'user'),
       (24, 'farhan.akbar@gmail.com',
        '$argon2id$v=19$m=65536,t=2,p=1$xIJYsW0jYK6HncD8JVUsZA$wGP3m49Qm7OrrFOAu/baOcutE3s/sUb0LaoGLy7B13Y', 'Farhan',
        'Akbar', '08111111121', NULL, 1, false, 'user'),
       (25, 'putri.rahayu@gmail.com',
        '$argon2id$v=19$m=65536,t=2,p=1$xIJYsW0jYK6HncD8JVUsZA$wGP3m49Qm7OrrFOAu/baOcutE3s/sUb0LaoGLy7B13Y', 'Putri',
        'Rahayu', '08111111122', NULL, 11, false, 'user');

-- ============================================================
-- 13. SHOWTIMES (56 jadwal — CURRENT_DATE agar selalu relevan)
-- NOTE: movie_id 1–10 merujuk ke 10 film teratas dari TMDB
-- ============================================================
INSERT INTO showtimes (id, movie_id, cinema_id, date, time, price)
VALUES

-- ── FILM 1: Monster Pabrik Rambut ────────────────────────────
(1, 1, 1, CURRENT_DATE - 2, '08:30', 65000),
(2, 1, 1, CURRENT_DATE - 2, '16:00', 65000),
(3, 1, 1, CURRENT_DATE - 1, '13:30', 65000),
(4, 1, 1, CURRENT_DATE, '20:00', 70000),
(5, 1, 1, CURRENT_DATE, '21:30', 70000),
(6, 1, 2, CURRENT_DATE, '18:30', 65000),
(7, 1, 4, CURRENT_DATE + 1, '20:00', 60000),
(8, 1, 7, CURRENT_DATE + 1, '21:30', 60000),

-- ── FILM 2: Kucing Hitam ─────────────────────────────────────
(9, 2, 1, CURRENT_DATE - 2, '21:30', 65000),
(10, 2, 2, CURRENT_DATE - 1, '21:30', 60000),
(11, 2, 1, CURRENT_DATE, '21:30', 70000),
(12, 2, 3, CURRENT_DATE + 1, '20:00', 60000),
(13, 2, 8, CURRENT_DATE + 1, '21:30', 55000),

-- ── FILM 3: Warkop DKI: Viralin Doooong!! ───────────────────
(14, 3, 1, CURRENT_DATE - 2, '11:00', 65000),
(15, 3, 1, CURRENT_DATE - 1, '13:30', 65000),
(16, 3, 1, CURRENT_DATE, '11:00', 65000),
(17, 3, 1, CURRENT_DATE, '16:00', 65000),
(18, 3, 2, CURRENT_DATE, '13:30', 60000),
(19, 3, 4, CURRENT_DATE + 1, '11:00', 60000),
(20, 3, 6, CURRENT_DATE + 1, '16:00', 55000),
(21, 3, 11, CURRENT_DATE + 2, '13:30', 55000),

-- ── FILM 4: Colony ───────────────────────────────────────────
(22, 4, 1, CURRENT_DATE - 2, '18:30', 75000),
(23, 4, 1, CURRENT_DATE - 1, '20:00', 75000),
(24, 4, 1, CURRENT_DATE, '18:30', 80000),
(25, 4, 2, CURRENT_DATE, '20:00', 75000),
(26, 4, 4, CURRENT_DATE + 1, '18:30', 70000),
(27, 4, 9, CURRENT_DATE + 2, '20:00', 65000),

-- ── FILM 5: Masters of the Universe ─────────────────────────
(28, 5, 1, CURRENT_DATE - 1, '08:30', 85000),
(29, 5, 1, CURRENT_DATE, '08:30', 90000),
(30, 5, 1, CURRENT_DATE, '13:30', 90000),
(31, 5, 2, CURRENT_DATE, '16:00', 85000),
(32, 5, 4, CURRENT_DATE + 1, '13:30', 80000),
(33, 5, 7, CURRENT_DATE + 1, '16:00', 80000),

-- ── FILM 6: Nobody Loves Kay ─────────────────────────────────
(34, 6, 1, CURRENT_DATE - 2, '16:00', 65000),
(35, 6, 1, CURRENT_DATE - 1, '16:00', 65000),
(36, 6, 1, CURRENT_DATE, '16:00', 70000),
(37, 6, 3, CURRENT_DATE, '13:30', 60000),
(38, 6, 5, CURRENT_DATE + 1, '16:00', 60000),

-- ── FILM 7: Jangan Buang Ibu ─────────────────────────────────
(39, 7, 1, CURRENT_DATE - 1, '13:30', 65000),
(40, 7, 1, CURRENT_DATE, '11:00', 65000),
(41, 7, 2, CURRENT_DATE, '13:30', 60000),
(42, 7, 6, CURRENT_DATE + 1, '11:00', 55000),
(43, 7, 10, CURRENT_DATE + 2, '13:30', 55000),

-- ── FILM 8: Garuda di Dadaku ─────────────────────────────────
(44, 8, 1, CURRENT_DATE, '11:00', 55000),
(45, 8, 3, CURRENT_DATE, '13:30', 50000),
(46, 8, 4, CURRENT_DATE + 1, '11:00', 50000),
(47, 8, 12, CURRENT_DATE + 1, '13:30', 50000),

-- ── FILM 9: Tanah Runtuh ─────────────────────────────────────
(48, 9, 1, CURRENT_DATE, '13:30', 70000),
(49, 9, 2, CURRENT_DATE, '16:00', 65000),
(50, 9, 9, CURRENT_DATE + 1, '16:00', 60000),
(51, 9, 13, CURRENT_DATE + 2, '16:00', 60000),

-- ── FILM 10: The Furious ─────────────────────────────────────
(52, 10, 1, CURRENT_DATE, '20:00', 80000),
(53, 10, 2, CURRENT_DATE, '18:30', 75000),
(54, 10, 4, CURRENT_DATE + 1, '20:00', 70000),
(55, 10, 5, CURRENT_DATE + 1, '18:30', 70000),
(56, 10, 14, CURRENT_DATE + 2, '20:00', 65000);

-- ============================================================
-- 14. BOOKINGS (37 booking)
-- ============================================================
INSERT INTO bookings (id, user_id, showtime_id, status_ticket, status_paid, quantity, created_at, updated_at)
VALUES

-- ── SKENARIO A: active + paid (tiket valid, nonton nanti) ───
-- Booking untuk showtime hari ini & besok
(1, 4, 4, 'active', 'paid', 2, NOW() - INTERVAL '3 hours', NOW() - INTERVAL '3 hours' + INTERVAL '10 minutes'),
(2, 5, 16, 'active', 'paid', 3, NOW() - INTERVAL '4 hours', NOW() - INTERVAL '4 hours' + INTERVAL '8 minutes'),
(3, 6, 24, 'active', 'paid', 2, NOW() - INTERVAL '5 hours', NOW() - INTERVAL '5 hours' + INTERVAL '7 minutes'),
(4, 7, 29, 'active', 'paid', 4, NOW() - INTERVAL '6 hours', NOW() - INTERVAL '6 hours' + INTERVAL '9 minutes'),
(5, 8, 36, 'active', 'paid', 2, NOW() - INTERVAL '2 hours', NOW() - INTERVAL '2 hours' + INTERVAL '6 minutes'),
(6, 9, 40, 'active', 'paid', 2, NOW() - INTERVAL '7 hours', NOW() - INTERVAL '7 hours' + INTERVAL '8 minutes'),
(7, 10, 44, 'active', 'paid', 2, NOW() - INTERVAL '8 hours', NOW() - INTERVAL '8 hours' + INTERVAL '7 minutes'),
(8, 11, 48, 'active', 'paid', 3, NOW() - INTERVAL '9 hours', NOW() - INTERVAL '9 hours' + INTERVAL '9 minutes'),
(9, 12, 52, 'active', 'paid', 2, NOW() - INTERVAL '1 hours', NOW() - INTERVAL '1 hours' + INTERVAL '6 minutes'),
(10, 13, 5, 'active', 'paid', 2, NOW() - INTERVAL '2 hours', NOW() - INTERVAL '2 hours' + INTERVAL '8 minutes'),
(11, 14, 11, 'active', 'paid', 1, NOW() - INTERVAL '3 hours', NOW() - INTERVAL '3 hours' + INTERVAL '5 minutes'),
(12, 15, 17, 'active', 'paid', 2, NOW() - INTERVAL '4 hours', NOW() - INTERVAL '4 hours' + INTERVAL '7 minutes'),
(13, 16, 25, 'active', 'paid', 3, NOW() - INTERVAL '5 hours', NOW() - INTERVAL '5 hours' + INTERVAL '8 minutes'),
(14, 17, 30, 'active', 'paid', 2, NOW() - INTERVAL '6 hours', NOW() - INTERVAL '6 hours' + INTERVAL '6 minutes'),
(15, 18, 37, 'active', 'paid', 2, NOW() - INTERVAL '7 hours', NOW() - INTERVAL '7 hours' + INTERVAL '7 minutes'),
(16, 19, 41, 'active', 'paid', 2, NOW() - INTERVAL '8 hours', NOW() - INTERVAL '8 hours' + INTERVAL '8 minutes'),
(17, 20, 45, 'active', 'paid', 3, NOW() - INTERVAL '9 hours', NOW() - INTERVAL '9 hours' + INTERVAL '9 minutes'),
(18, 21, 49, 'active', 'paid', 2, NOW() - INTERVAL '2 hours', NOW() - INTERVAL '2 hours' + INTERVAL '6 minutes'),
(19, 22, 53, 'active', 'paid', 2, NOW() - INTERVAL '3 hours', NOW() - INTERVAL '3 hours' + INTERVAL '7 minutes'),
(20, 4, 32, 'active', 'paid', 2, NOW() - INTERVAL '4 hours', NOW() - INTERVAL '4 hours' + INTERVAL '8 minutes'),
(21, 5, 46, 'active', 'paid', 3, NOW() - INTERVAL '5 hours', NOW() - INTERVAL '5 hours' + INTERVAL '9 minutes'),
(22, 7, 54, 'active', 'paid', 2, NOW() - INTERVAL '6 hours', NOW() - INTERVAL '6 hours' + INTERVAL '7 minutes'),

-- ── SKENARIO B: not_active + paid (tiket sudah dipakai) ─────
-- Booking untuk showtime yang sudah lewat (CURRENT_DATE-1 atau -2)
(23, 4, 1, 'not_active', 'paid', 2, NOW() - INTERVAL '3 days', NOW() - INTERVAL '3 days' + INTERVAL '10 minutes'),
(24, 5, 9, 'not_active', 'paid', 2, NOW() - INTERVAL '3 days', NOW() - INTERVAL '3 days' + INTERVAL '8 minutes'),
(25, 8, 14, 'not_active', 'paid', 3, NOW() - INTERVAL '2 days', NOW() - INTERVAL '2 days' + INTERVAL '9 minutes'),
(26, 9, 22, 'not_active', 'paid', 2, NOW() - INTERVAL '3 days', NOW() - INTERVAL '3 days' + INTERVAL '7 minutes'),
(27, 10, 28, 'not_active', 'paid', 2, NOW() - INTERVAL '2 days', NOW() - INTERVAL '2 days' + INTERVAL '6 minutes'),
(28, 11, 34, 'not_active', 'paid', 1, NOW() - INTERVAL '3 days', NOW() - INTERVAL '3 days' + INTERVAL '5 minutes'),
(29, 12, 39, 'not_active', 'paid', 2, NOW() - INTERVAL '2 days', NOW() - INTERVAL '2 days' + INTERVAL '8 minutes'),

-- ── SKENARIO C: active + not_paid (menunggu pembayaran) ─────
(30, 6, 6, 'active', 'not_paid', 2, NOW() - INTERVAL '30 minutes', NULL),
(31, 13, 18, 'active', 'not_paid', 2, NOW() - INTERVAL '45 minutes', NULL),
(32, 14, 26, 'active', 'not_paid', 3, NOW() - INTERVAL '20 minutes', NULL),
(33, 15, 31, 'active', 'not_paid', 2, NOW() - INTERVAL '60 minutes', NULL),
(34, 16, 38, 'active', 'not_paid', 2, NOW() - INTERVAL '15 minutes', NULL),
(35, 17, 42, 'active', 'not_paid', 2, NOW() - INTERVAL '50 minutes', NULL),
(36, 18, 50, 'active', 'not_paid', 3, NOW() - INTERVAL '25 minutes', NULL),
(37, 20, 55, 'active', 'not_paid', 2, NOW() - INTERVAL '35 minutes', NULL);

-- ============================================================
-- 15. TRANSACTIONS (37: 29 completed | 7 pending | 1 failed)
-- ============================================================
INSERT INTO transactions (id, booking_id, payment_method_id, virtual_rek, total_price, status, qr_code)
VALUES
-- COMPLETED (booking 1–22)
(1, 1, 1, 88110001, 140000, 'completed', 'https://storage.tickitz.id/qr/TXN001.png'),
(2, 2, 4, 88110002, 195000, 'completed', 'https://storage.tickitz.id/qr/TXN002.png'),
(3, 3, 2, 88110003, 150000, 'completed', 'https://storage.tickitz.id/qr/TXN003.png'),
(4, 4, 1, 88110004, 360000, 'completed', 'https://storage.tickitz.id/qr/TXN004.png'),
(5, 5, 3, 88110005, 130000, 'completed', 'https://storage.tickitz.id/qr/TXN005.png'),
(6, 6, 2, 88110006, 130000, 'completed', 'https://storage.tickitz.id/qr/TXN006.png'),
(7, 7, 4, 88110007, 110000, 'completed', 'https://storage.tickitz.id/qr/TXN007.png'),
(8, 8, 1, 88110008, 210000, 'completed', 'https://storage.tickitz.id/qr/TXN008.png'),
(9, 9, 5, 88110009, 160000, 'completed', 'https://storage.tickitz.id/qr/TXN009.png'),
(10, 10, 7, 88110010, 140000, 'completed', 'https://storage.tickitz.id/qr/TXN010.png'),
(11, 11, 2, 88110011, 70000, 'completed', 'https://storage.tickitz.id/qr/TXN011.png'),
(12, 12, 4, 88110012, 130000, 'completed', 'https://storage.tickitz.id/qr/TXN012.png'),
(13, 13, 1, 88110013, 225000, 'completed', 'https://storage.tickitz.id/qr/TXN013.png'),
(14, 14, 6, 88110014, 170000, 'completed', 'https://storage.tickitz.id/qr/TXN014.png'),
(15, 15, 3, 88110015, 120000, 'completed', 'https://storage.tickitz.id/qr/TXN015.png'),
(16, 16, 1, 88110016, 110000, 'completed', 'https://storage.tickitz.id/qr/TXN016.png'),
(17, 17, 4, 88110017, 165000, 'completed', 'https://storage.tickitz.id/qr/TXN017.png'),
(18, 18, 2, 88110018, 130000, 'completed', 'https://storage.tickitz.id/qr/TXN018.png'),
(19, 19, 8, 88110019, 150000, 'completed', 'https://storage.tickitz.id/qr/TXN019.png'),
(20, 20, 5, 88110020, 180000, 'completed', 'https://storage.tickitz.id/qr/TXN020.png'),
(21, 21, 1, 88110021, 165000, 'completed', 'https://storage.tickitz.id/qr/TXN021.png'),
(22, 22, 4, 88110022, 150000, 'completed', 'https://storage.tickitz.id/qr/TXN022.png'),
-- COMPLETED — tiket lama (booking 23–29)
(23, 23, 2, 88110023, 130000, 'completed', 'https://storage.tickitz.id/qr/TXN023.png'),
(24, 24, 1, 88110024, 130000, 'completed', 'https://storage.tickitz.id/qr/TXN024.png'),
(25, 25, 4, 88110025, 195000, 'completed', 'https://storage.tickitz.id/qr/TXN025.png'),
(26, 26, 3, 88110026, 150000, 'completed', 'https://storage.tickitz.id/qr/TXN026.png'),
(27, 27, 5, 88110027, 170000, 'completed', 'https://storage.tickitz.id/qr/TXN027.png'),
(28, 28, 6, 88110028, 65000, 'completed', 'https://storage.tickitz.id/qr/TXN028.png'),
(29, 29, 1, 88110029, 130000, 'completed', 'https://storage.tickitz.id/qr/TXN029.png'),
-- PENDING (booking 30–36)
(30, 30, 4, 88120001, 130000, 'pending', NULL),
(31, 31, 1, 88120002, 150000, 'pending', NULL),
(32, 32, 5, 88120003, 240000, 'pending', NULL),
(33, 33, 2, 88120004, 180000, 'pending', NULL),
(34, 34, 4, 88120005, 120000, 'pending', NULL),
(35, 35, 3, 88120006, 130000, 'pending', NULL),
(36, 36, 1, 88120007, 195000, 'pending', NULL),
-- FAILED
(37, 37, 5, 88130001, 140000, 'failed', NULL);

-- ============================================================
-- 16. BOOKING_SEATS
-- ============================================================
INSERT INTO booking_seats (booking_id, seat_id, showtime_id)
VALUES (1, 1, 4),
       (1, 2, 4);
INSERT INTO booking_seats (booking_id, seat_id, showtime_id)
VALUES (2, 15, 16),
       (2, 16, 16),
       (2, 17, 16);
INSERT INTO booking_seats (booking_id, seat_id, showtime_id)
VALUES (3, 29, 24),
       (3, 30, 24);
INSERT INTO booking_seats (booking_id, seat_id, showtime_id)
VALUES (4, 43, 29),
       (4, 44, 29),
       (4, 45, 29),
       (4, 46, 29);
INSERT INTO booking_seats (booking_id, seat_id, showtime_id)
VALUES (5, 57, 36),
       (5, 58, 36);
INSERT INTO booking_seats (booking_id, seat_id, showtime_id)
VALUES (6, 3, 40),
       (6, 4, 40);
INSERT INTO booking_seats (booking_id, seat_id, showtime_id)
VALUES (7, 71, 44),
       (7, 72, 44);
INSERT INTO booking_seats (booking_id, seat_id, showtime_id)
VALUES (8, 85, 48),
       (8, 86, 48),
       (8, 87, 48);
INSERT INTO booking_seats (booking_id, seat_id, showtime_id)
VALUES (9, 5, 52),
       (9, 6, 52);
INSERT INTO booking_seats (booking_id, seat_id, showtime_id)
VALUES (10, 19, 5),
       (10, 20, 5);
INSERT INTO booking_seats (booking_id, seat_id, showtime_id)
VALUES (11, 33, 11);
INSERT INTO booking_seats (booking_id, seat_id, showtime_id)
VALUES (12, 49, 17),
       (12, 50, 17);
INSERT INTO booking_seats (booking_id, seat_id, showtime_id)
VALUES (13, 99, 25),
       (13, 100, 25),
       (13, 101, 25);
INSERT INTO booking_seats (booking_id, seat_id, showtime_id)
VALUES (14, 116, 30),
       (14, 117, 30);
INSERT INTO booking_seats (booking_id, seat_id, showtime_id)
VALUES (15, 197, 37),
       (15, 198, 37);
INSERT INTO booking_seats (booking_id, seat_id, showtime_id)
VALUES (16, 171, 41),
       (16, 172, 41);
INSERT INTO booking_seats (booking_id, seat_id, showtime_id)
VALUES (17, 1079, 45),
       (17, 1080, 45),
       (17, 1081, 45);
INSERT INTO booking_seats (booking_id, seat_id, showtime_id)
VALUES (18, 127, 49),
       (18, 128, 49);
INSERT INTO booking_seats (booking_id, seat_id, showtime_id)
VALUES (19, 145, 53),
       (19, 146, 53);
INSERT INTO booking_seats (booking_id, seat_id, showtime_id)
VALUES (20, 591, 32),
       (20, 592, 32);
INSERT INTO booking_seats (booking_id, seat_id, showtime_id)
VALUES (21, 309, 46),
       (21, 310, 46),
       (21, 311, 46);
INSERT INTO booking_seats (booking_id, seat_id, showtime_id)
VALUES (22, 351, 54),
       (22, 352, 54);
INSERT INTO booking_seats (booking_id, seat_id, showtime_id)
VALUES (23, 7, 1),
       (23, 8, 1);
INSERT INTO booking_seats (booking_id, seat_id, showtime_id)
VALUES (24, 9, 9),
       (24, 10, 9);
INSERT INTO booking_seats (booking_id, seat_id, showtime_id)
VALUES (25, 35, 14),
       (25, 36, 14),
       (25, 37, 14);
INSERT INTO booking_seats (booking_id, seat_id, showtime_id)
VALUES (26, 61, 22),
       (26, 62, 22);
INSERT INTO booking_seats (booking_id, seat_id, showtime_id)
VALUES (27, 89, 28),
       (27, 90, 28);
INSERT INTO booking_seats (booking_id, seat_id, showtime_id)
VALUES (28, 45, 34);
INSERT INTO booking_seats (booking_id, seat_id, showtime_id)
VALUES (29, 75, 39),
       (29, 76, 39);
INSERT INTO booking_seats (booking_id, seat_id, showtime_id)
VALUES (30, 99, 6),
       (30, 100, 6);
INSERT INTO booking_seats (booking_id, seat_id, showtime_id)
VALUES (31, 103, 18),
       (31, 104, 18);
INSERT INTO booking_seats (booking_id, seat_id, showtime_id)
VALUES (32, 323, 26),
       (32, 324, 26),
       (32, 325, 26);
INSERT INTO booking_seats (booking_id, seat_id, showtime_id)
VALUES (33, 151, 31),
       (33, 152, 31);
INSERT INTO booking_seats (booking_id, seat_id, showtime_id)
VALUES (34, 397, 38),
       (34, 398, 38);
INSERT INTO booking_seats (booking_id, seat_id, showtime_id)
VALUES (35, 505, 42),
       (35, 506, 42);
INSERT INTO booking_seats (booking_id, seat_id, showtime_id)
VALUES (36, 785, 50),
       (36, 786, 50),
       (36, 787, 50);
INSERT INTO booking_seats (booking_id, seat_id, showtime_id)
VALUES (37, 406, 55),
       (37, 407, 55);


SET
client_encoding TO 'UTF8';
-- ================================================================
--  TICKITZ — ADDITIONAL SEED v1.0
--  Generated  : 2026-06-14
--  Fokus      : 100 bookings untuk movie_id 1–10
--               Data historis 3 bulan terakhir untuk kebutuhan chart
-- ================================================================
--
--  CARA PAKAI:
--  Jalankan SETELAH seeding.sql utama sudah dijalankan.
--  psql -d your_db -f seeding_tambahan.sql
--
-- ================================================================


-- ============================================================
-- TAMBAHAN SHOWTIMES
-- Menambah showtimes historis untuk movie_id 1–10
-- agar bookings lama bisa merujuk showtime yang valid
-- ID mulai dari 57 (melanjutkan dari 56 yang sudah ada)
-- ============================================================
INSERT INTO showtimes (id, movie_id, cinema_id, date, time, price)
VALUES
-- ── FILM 1: Obsession ─────────────────────────────────────────
(57, 1, 1, CURRENT_DATE - 90, '11:00', 75000),
(58, 1, 2, CURRENT_DATE - 85, '13:30', 75000),
(59, 1, 3, CURRENT_DATE - 80, '16:00', 70000),
(60, 1, 1, CURRENT_DATE - 75, '11:00', 75000),
(61, 1, 4, CURRENT_DATE - 70, '20:00', 80000),
(62, 1, 2, CURRENT_DATE - 65, '13:30', 75000),
(63, 1, 5, CURRENT_DATE - 60, '18:30', 75000),
(64, 1, 1, CURRENT_DATE - 55, '11:00', 75000),
(65, 1, 3, CURRENT_DATE - 50, '16:00', 70000),
(66, 1, 6, CURRENT_DATE - 45, '20:00', 80000),
(67, 1, 2, CURRENT_DATE - 40, '13:30', 75000),
(68, 1, 1, CURRENT_DATE - 30, '11:00', 75000),
(69, 1, 7, CURRENT_DATE - 20, '18:30', 80000),
(70, 1, 1, CURRENT_DATE - 10, '20:00', 85000),

-- ── FILM 2: Peddi ─────────────────────────────────────────────
(71, 2, 1, CURRENT_DATE - 88, '13:30', 80000),
(72, 2, 2, CURRENT_DATE - 83, '16:00', 80000),
(73, 2, 4, CURRENT_DATE - 78, '11:00', 75000),
(74, 2, 3, CURRENT_DATE - 73, '20:00', 85000),
(75, 2, 5, CURRENT_DATE - 68, '13:30', 80000),
(76, 2, 1, CURRENT_DATE - 63, '18:30', 80000),
(77, 2, 8, CURRENT_DATE - 58, '16:00', 75000),
(78, 2, 2, CURRENT_DATE - 53, '11:00', 80000),
(79, 2, 1, CURRENT_DATE - 48, '20:00', 85000),
(80, 2, 3, CURRENT_DATE - 43, '13:30', 80000),
(81, 2, 6, CURRENT_DATE - 35, '18:30', 80000),
(82, 2, 1, CURRENT_DATE - 25, '11:00', 80000),
(83, 2, 9, CURRENT_DATE - 15, '20:00', 85000),

-- ── FILM 3: Hai Jawani Toh Ishq ───────────────────────────────
(84, 3, 1, CURRENT_DATE - 87, '11:00', 70000),
(85, 3, 3, CURRENT_DATE - 82, '13:30', 65000),
(86, 3, 2, CURRENT_DATE - 77, '16:00', 70000),
(87, 3, 4, CURRENT_DATE - 72, '18:30', 75000),
(88, 3, 7, CURRENT_DATE - 67, '11:00', 70000),
(89, 3, 1, CURRENT_DATE - 62, '20:00', 75000),
(90, 3, 5, CURRENT_DATE - 57, '13:30', 70000),
(91, 3, 2, CURRENT_DATE - 52, '16:00', 70000),
(92, 3, 1, CURRENT_DATE - 47, '11:00', 70000),
(93, 3, 10, CURRENT_DATE - 38, '18:30', 75000),
(94, 3, 3, CURRENT_DATE - 28, '13:30', 70000),
(95, 3, 1, CURRENT_DATE - 18, '20:00', 75000),

-- ── FILM 4: Michael ───────────────────────────────────────────
(96, 4, 1, CURRENT_DATE - 86, '18:30', 90000),
(97, 4, 2, CURRENT_DATE - 81, '20:00', 90000),
(98, 4, 3, CURRENT_DATE - 76, '18:30', 85000),
(99, 4, 4, CURRENT_DATE - 71, '20:00', 90000),
(100, 4, 1, CURRENT_DATE - 66, '18:30', 90000),
(101, 4, 8, CURRENT_DATE - 61, '20:00', 90000),
(102, 4, 2, CURRENT_DATE - 56, '18:30', 90000),
(103, 4, 5, CURRENT_DATE - 51, '20:00', 90000),
(104, 4, 1, CURRENT_DATE - 46, '18:30', 90000),
(105, 4, 11, CURRENT_DATE - 33, '20:00', 90000),
(106, 4, 3, CURRENT_DATE - 23, '18:30', 90000),
(107, 4, 1, CURRENT_DATE - 13, '20:00', 95000),

-- ── FILM 5: Mortal Kombat II ───────────────────────────────────
(108, 5, 1, CURRENT_DATE - 84, '13:30', 85000),
(109, 5, 3, CURRENT_DATE - 79, '16:00', 85000),
(110, 5, 2, CURRENT_DATE - 74, '20:00', 90000),
(111, 5, 6, CURRENT_DATE - 69, '13:30', 80000),
(112, 5, 1, CURRENT_DATE - 64, '16:00', 85000),
(113, 5, 4, CURRENT_DATE - 59, '20:00', 90000),
(114, 5, 9, CURRENT_DATE - 54, '13:30', 80000),
(115, 5, 2, CURRENT_DATE - 49, '16:00', 85000),
(116, 5, 1, CURRENT_DATE - 44, '20:00', 90000),
(117, 5, 12, CURRENT_DATE - 32, '13:30', 80000),
(118, 5, 3, CURRENT_DATE - 22, '16:00', 85000),
(119, 5, 1, CURRENT_DATE - 12, '20:00', 90000),

-- ── FILM 6: Karuppu ──────────────────────────────────────────
(120, 6, 1, CURRENT_DATE - 83, '16:00', 65000),
(121, 6, 5, CURRENT_DATE - 78, '11:00', 60000),
(122, 6, 3, CURRENT_DATE - 73, '13:30', 65000),
(123, 6, 7, CURRENT_DATE - 68, '18:30', 70000),
(124, 6, 2, CURRENT_DATE - 63, '16:00', 65000),
(125, 6, 1, CURRENT_DATE - 58, '20:00', 70000),
(126, 6, 4, CURRENT_DATE - 53, '11:00', 65000),
(127, 6, 6, CURRENT_DATE - 42, '13:30', 65000),
(128, 6, 1, CURRENT_DATE - 32, '16:00', 65000),
(129, 6, 10, CURRENT_DATE - 22, '18:30', 70000),

-- ── FILM 7: The Mandalorian and Grogu ────────────────────────
(130, 7, 1, CURRENT_DATE - 82, '11:00', 70000),
(131, 7, 2, CURRENT_DATE - 77, '13:30', 65000),
(132, 7, 4, CURRENT_DATE - 72, '16:00', 70000),
(133, 7, 3, CURRENT_DATE - 67, '20:00', 75000),
(134, 7, 8, CURRENT_DATE - 62, '11:00', 65000),
(135, 7, 1, CURRENT_DATE - 57, '18:30', 70000),
(136, 7, 5, CURRENT_DATE - 52, '13:30', 65000),
(137, 7, 2, CURRENT_DATE - 47, '16:00', 70000),
(138, 7, 1, CURRENT_DATE - 42, '20:00', 75000),
(139, 7, 13, CURRENT_DATE - 30, '11:00', 65000),
(140, 7, 3, CURRENT_DATE - 20, '13:30', 70000),

-- ── FILM 8: The Super Mario Galaxy Movie ─────────────────────
(141, 8, 1, CURRENT_DATE - 81, '11:00', 60000),
(142, 8, 2, CURRENT_DATE - 76, '13:30', 55000),
(143, 8, 5, CURRENT_DATE - 71, '11:00', 60000),
(144, 8, 3, CURRENT_DATE - 66, '16:00', 60000),
(145, 8, 7, CURRENT_DATE - 61, '11:00', 55000),
(146, 8, 1, CURRENT_DATE - 56, '13:30', 60000),
(147, 8, 4, CURRENT_DATE - 51, '11:00', 60000),
(148, 8, 6, CURRENT_DATE - 41, '16:00', 60000),
(149, 8, 2, CURRENT_DATE - 31, '11:00', 55000),
(150, 8, 1, CURRENT_DATE - 21, '13:30', 60000),

-- ── FILM 9: Disclosure Day ────────────────────────────────────
(151, 9, 1, CURRENT_DATE - 80, '16:00', 80000),
(152, 9, 4, CURRENT_DATE - 75, '18:30', 80000),
(153, 9, 2, CURRENT_DATE - 70, '20:00', 85000),
(154, 9, 3, CURRENT_DATE - 65, '16:00', 75000),
(155, 9, 1, CURRENT_DATE - 60, '18:30', 80000),
(156, 9, 9, CURRENT_DATE - 55, '20:00', 80000),
(157, 9, 5, CURRENT_DATE - 50, '16:00', 75000),
(158, 9, 2, CURRENT_DATE - 45, '18:30', 80000),
(159, 9, 1, CURRENT_DATE - 36, '20:00', 85000),
(160, 9, 11, CURRENT_DATE - 26, '16:00', 80000),
(161, 9, 3, CURRENT_DATE - 16, '18:30', 80000),

-- ── FILM 10: Masters of the Universe ─────────────────────────
(162, 10, 1, CURRENT_DATE - 79, '18:30', 85000),
(163, 10, 3, CURRENT_DATE - 74, '20:00', 90000),
(164, 10, 2, CURRENT_DATE - 69, '18:30', 85000),
(165, 10, 6, CURRENT_DATE - 64, '20:00', 90000),
(166, 10, 1, CURRENT_DATE - 59, '18:30', 90000),
(167, 10, 4, CURRENT_DATE - 54, '20:00', 90000),
(168, 10, 7, CURRENT_DATE - 49, '18:30', 85000),
(169, 10, 2, CURRENT_DATE - 44, '20:00', 90000),
(170, 10, 1, CURRENT_DATE - 34, '18:30', 90000),
(171, 10, 14, CURRENT_DATE - 24, '20:00', 90000),
(172, 10, 5, CURRENT_DATE - 14, '18:30', 85000),
(173, 10, 1, CURRENT_DATE - 4, '20:00', 95000) ON CONFLICT (id) DO NOTHING;


-- ============================================================
-- TAMBAHAN 100 BOOKINGS
-- ID mulai dari 38 (melanjutkan dari 37 yang sudah ada)
-- movie_id 1–10, tersebar 3 bulan terakhir untuk chart
-- ============================================================
INSERT INTO bookings (id, user_id, showtime_id, status_ticket, status_paid, quantity, created_at, updated_at)
VALUES
-- ════════════════════════════════════════════════════════════
-- FILM 1: Obsession (showtime 57–70) — 14 bookings
-- ════════════════════════════════════════════════════════════
(38, 4, 57, 'not_active', 'paid', 2, NOW() - INTERVAL '90 days', NOW() - INTERVAL '89 days 23 hours'),
(39, 6, 58, 'not_active', 'paid', 3, NOW() - INTERVAL '85 days', NOW() - INTERVAL '84 days 23 hours'),
(40, 9, 59, 'not_active', 'paid', 2, NOW() - INTERVAL '80 days', NOW() - INTERVAL '79 days 23 hours'),
(41, 12, 60, 'not_active', 'paid', 4, NOW() - INTERVAL '75 days', NOW() - INTERVAL '74 days 23 hours'),
(42, 15, 61, 'not_active', 'paid', 2, NOW() - INTERVAL '70 days', NOW() - INTERVAL '69 days 23 hours'),
(43, 5, 62, 'not_active', 'paid', 3, NOW() - INTERVAL '65 days', NOW() - INTERVAL '64 days 23 hours'),
(44, 18, 63, 'not_active', 'paid', 2, NOW() - INTERVAL '60 days', NOW() - INTERVAL '59 days 23 hours'),
(45, 7, 64, 'not_active', 'paid', 2, NOW() - INTERVAL '55 days', NOW() - INTERVAL '54 days 23 hours'),
(46, 20, 65, 'not_active', 'paid', 3, NOW() - INTERVAL '50 days', NOW() - INTERVAL '49 days 23 hours'),
(47, 11, 66, 'not_active', 'paid', 2, NOW() - INTERVAL '45 days', NOW() - INTERVAL '44 days 23 hours'),
(48, 16, 67, 'not_active', 'paid', 4, NOW() - INTERVAL '40 days', NOW() - INTERVAL '39 days 23 hours'),
(49, 8, 68, 'not_active', 'paid', 2, NOW() - INTERVAL '30 days', NOW() - INTERVAL '29 days 23 hours'),
(50, 22, 69, 'not_active', 'paid', 2, NOW() - INTERVAL '20 days', NOW() - INTERVAL '19 days 23 hours'),
(51, 17, 70, 'not_active', 'paid', 3, NOW() - INTERVAL '10 days', NOW() - INTERVAL '9 days 23 hours'),

-- ════════════════════════════════════════════════════════════
-- FILM 2: Peddi (showtime 71–83) — 13 bookings
-- ════════════════════════════════════════════════════════════
(52, 10, 71, 'not_active', 'paid', 2, NOW() - INTERVAL '88 days', NOW() - INTERVAL '87 days 23 hours'),
(53, 14, 72, 'not_active', 'paid', 3, NOW() - INTERVAL '83 days', NOW() - INTERVAL '82 days 23 hours'),
(54, 19, 73, 'not_active', 'paid', 2, NOW() - INTERVAL '78 days', NOW() - INTERVAL '77 days 23 hours'),
(55, 4, 74, 'not_active', 'paid', 4, NOW() - INTERVAL '73 days', NOW() - INTERVAL '72 days 23 hours'),
(56, 21, 75, 'not_active', 'paid', 2, NOW() - INTERVAL '68 days', NOW() - INTERVAL '67 days 23 hours'),
(57, 6, 76, 'not_active', 'paid', 3, NOW() - INTERVAL '63 days', NOW() - INTERVAL '62 days 23 hours'),
(58, 13, 77, 'not_active', 'paid', 2, NOW() - INTERVAL '58 days', NOW() - INTERVAL '57 days 23 hours'),
(59, 8, 78, 'not_active', 'paid', 2, NOW() - INTERVAL '53 days', NOW() - INTERVAL '52 days 23 hours'),
(60, 5, 79, 'not_active', 'paid', 4, NOW() - INTERVAL '48 days', NOW() - INTERVAL '47 days 23 hours'),
(61, 15, 80, 'not_active', 'paid', 2, NOW() - INTERVAL '43 days', NOW() - INTERVAL '42 days 23 hours'),
(62, 11, 81, 'not_active', 'paid', 3, NOW() - INTERVAL '35 days', NOW() - INTERVAL '34 days 23 hours'),
(63, 20, 82, 'not_active', 'paid', 2, NOW() - INTERVAL '25 days', NOW() - INTERVAL '24 days 23 hours'),
(64, 7, 83, 'not_active', 'paid', 2, NOW() - INTERVAL '15 days', NOW() - INTERVAL '14 days 23 hours'),

-- ════════════════════════════════════════════════════════════
-- FILM 3: Hai Jawani Toh Ishq (showtime 84–95) — 12 bookings
-- ════════════════════════════════════════════════════════════
(65, 9, 84, 'not_active', 'paid', 2, NOW() - INTERVAL '87 days', NOW() - INTERVAL '86 days 23 hours'),
(66, 17, 85, 'not_active', 'paid', 2, NOW() - INTERVAL '82 days', NOW() - INTERVAL '81 days 23 hours'),
(67, 4, 86, 'not_active', 'paid', 3, NOW() - INTERVAL '77 days', NOW() - INTERVAL '76 days 23 hours'),
(68, 22, 87, 'not_active', 'paid', 2, NOW() - INTERVAL '72 days', NOW() - INTERVAL '71 days 23 hours'),
(69, 12, 88, 'not_active', 'paid', 4, NOW() - INTERVAL '67 days', NOW() - INTERVAL '66 days 23 hours'),
(70, 16, 89, 'not_active', 'paid', 2, NOW() - INTERVAL '62 days', NOW() - INTERVAL '61 days 23 hours'),
(71, 5, 90, 'not_active', 'paid', 2, NOW() - INTERVAL '57 days', NOW() - INTERVAL '56 days 23 hours'),
(72, 19, 91, 'not_active', 'paid', 3, NOW() - INTERVAL '52 days', NOW() - INTERVAL '51 days 23 hours'),
(73, 10, 92, 'not_active', 'paid', 2, NOW() - INTERVAL '47 days', NOW() - INTERVAL '46 days 23 hours'),
(74, 6, 93, 'not_active', 'paid', 2, NOW() - INTERVAL '38 days', NOW() - INTERVAL '37 days 23 hours'),
(75, 21, 94, 'not_active', 'paid', 3, NOW() - INTERVAL '28 days', NOW() - INTERVAL '27 days 23 hours'),
(76, 14, 95, 'not_active', 'paid', 2, NOW() - INTERVAL '18 days', NOW() - INTERVAL '17 days 23 hours'),

-- ════════════════════════════════════════════════════════════
-- FILM 4: Michael (showtime 96–107) — 12 bookings
-- Michael = film paling populer, jumlah tiket banyak
-- ════════════════════════════════════════════════════════════
(77, 4, 96, 'not_active', 'paid', 4, NOW() - INTERVAL '86 days', NOW() - INTERVAL '85 days 23 hours'),
(78, 18, 97, 'not_active', 'paid', 3, NOW() - INTERVAL '81 days', NOW() - INTERVAL '80 days 23 hours'),
(79, 7, 98, 'not_active', 'paid', 4, NOW() - INTERVAL '76 days', NOW() - INTERVAL '75 days 23 hours'),
(80, 15, 99, 'not_active', 'paid', 2, NOW() - INTERVAL '71 days', NOW() - INTERVAL '70 days 23 hours'),
(81, 20, 100, 'not_active', 'paid', 4, NOW() - INTERVAL '66 days', NOW() - INTERVAL '65 days 23 hours'),
(82, 11, 101, 'not_active', 'paid', 3, NOW() - INTERVAL '61 days', NOW() - INTERVAL '60 days 23 hours'),
(83, 9, 102, 'not_active', 'paid', 4, NOW() - INTERVAL '56 days', NOW() - INTERVAL '55 days 23 hours'),
(84, 5, 103, 'not_active', 'paid', 2, NOW() - INTERVAL '51 days', NOW() - INTERVAL '50 days 23 hours'),
(85, 22, 104, 'not_active', 'paid', 3, NOW() - INTERVAL '46 days', NOW() - INTERVAL '45 days 23 hours'),
(86, 13, 105, 'not_active', 'paid', 4, NOW() - INTERVAL '33 days', NOW() - INTERVAL '32 days 23 hours'),
(87, 6, 106, 'not_active', 'paid', 3, NOW() - INTERVAL '23 days', NOW() - INTERVAL '22 days 23 hours'),
(88, 17, 107, 'not_active', 'paid', 4, NOW() - INTERVAL '13 days', NOW() - INTERVAL '12 days 23 hours'),

-- ════════════════════════════════════════════════════════════
-- FILM 5: Mortal Kombat II (showtime 108–119) — 12 bookings
-- ════════════════════════════════════════════════════════════
(89, 8, 108, 'not_active', 'paid', 3, NOW() - INTERVAL '84 days', NOW() - INTERVAL '83 days 23 hours'),
(90, 12, 109, 'not_active', 'paid', 2, NOW() - INTERVAL '79 days', NOW() - INTERVAL '78 days 23 hours'),
(91, 4, 110, 'not_active', 'paid', 4, NOW() - INTERVAL '74 days', NOW() - INTERVAL '73 days 23 hours'),
(92, 21, 111, 'not_active', 'paid', 2, NOW() - INTERVAL '69 days', NOW() - INTERVAL '68 days 23 hours'),
(93, 16, 112, 'not_active', 'paid', 3, NOW() - INTERVAL '64 days', NOW() - INTERVAL '63 days 23 hours'),
(94, 10, 113, 'not_active', 'paid', 4, NOW() - INTERVAL '59 days', NOW() - INTERVAL '58 days 23 hours'),
(95, 19, 114, 'not_active', 'paid', 2, NOW() - INTERVAL '54 days', NOW() - INTERVAL '53 days 23 hours'),
(96, 5, 115, 'not_active', 'paid', 3, NOW() - INTERVAL '49 days', NOW() - INTERVAL '48 days 23 hours'),
(97, 14, 116, 'not_active', 'paid', 4, NOW() - INTERVAL '44 days', NOW() - INTERVAL '43 days 23 hours'),
(98, 7, 117, 'not_active', 'paid', 2, NOW() - INTERVAL '32 days', NOW() - INTERVAL '31 days 23 hours'),
(99, 11, 118, 'not_active', 'paid', 3, NOW() - INTERVAL '22 days', NOW() - INTERVAL '21 days 23 hours'),
(100, 18, 119, 'not_active', 'paid', 2, NOW() - INTERVAL '12 days', NOW() - INTERVAL '11 days 23 hours'),

-- ════════════════════════════════════════════════════════════
-- FILM 6: Karuppu (showtime 120–129) — 10 bookings
-- ════════════════════════════════════════════════════════════
(101, 15, 120, 'not_active', 'paid', 2, NOW() - INTERVAL '83 days', NOW() - INTERVAL '82 days 23 hours'),
(102, 9, 121, 'not_active', 'paid', 3, NOW() - INTERVAL '78 days', NOW() - INTERVAL '77 days 23 hours'),
(103, 20, 122, 'not_active', 'paid', 2, NOW() - INTERVAL '73 days', NOW() - INTERVAL '72 days 23 hours'),
(104, 6, 123, 'not_active', 'paid', 2, NOW() - INTERVAL '68 days', NOW() - INTERVAL '67 days 23 hours'),
(105, 4, 124, 'not_active', 'paid', 3, NOW() - INTERVAL '63 days', NOW() - INTERVAL '62 days 23 hours'),
(106, 22, 125, 'not_active', 'paid', 2, NOW() - INTERVAL '58 days', NOW() - INTERVAL '57 days 23 hours'),
(107, 13, 126, 'not_active', 'paid', 2, NOW() - INTERVAL '53 days', NOW() - INTERVAL '52 days 23 hours'),
(108, 17, 127, 'not_active', 'paid', 3, NOW() - INTERVAL '42 days', NOW() - INTERVAL '41 days 23 hours'),
(109, 8, 128, 'not_active', 'paid', 2, NOW() - INTERVAL '32 days', NOW() - INTERVAL '31 days 23 hours'),
(110, 12, 129, 'not_active', 'paid', 2, NOW() - INTERVAL '22 days', NOW() - INTERVAL '21 days 23 hours'),

-- ════════════════════════════════════════════════════════════
-- FILM 7: The Mandalorian and Grogu (showtime 130–140) — 11 bookings
-- ════════════════════════════════════════════════════════════
(111, 5, 130, 'not_active', 'paid', 3, NOW() - INTERVAL '82 days', NOW() - INTERVAL '81 days 23 hours'),
(112, 16, 131, 'not_active', 'paid', 2, NOW() - INTERVAL '77 days', NOW() - INTERVAL '76 days 23 hours'),
(113, 10, 132, 'not_active', 'paid', 4, NOW() - INTERVAL '72 days', NOW() - INTERVAL '71 days 23 hours'),
(114, 19, 133, 'not_active', 'paid', 2, NOW() - INTERVAL '67 days', NOW() - INTERVAL '66 days 23 hours'),
(115, 7, 134, 'not_active', 'paid', 3, NOW() - INTERVAL '62 days', NOW() - INTERVAL '61 days 23 hours'),
(116, 21, 135, 'not_active', 'paid', 2, NOW() - INTERVAL '57 days', NOW() - INTERVAL '56 days 23 hours'),
(117, 4, 136, 'not_active', 'paid', 2, NOW() - INTERVAL '52 days', NOW() - INTERVAL '51 days 23 hours'),
(118, 11, 137, 'not_active', 'paid', 3, NOW() - INTERVAL '47 days', NOW() - INTERVAL '46 days 23 hours'),
(119, 14, 138, 'not_active', 'paid', 2, NOW() - INTERVAL '42 days', NOW() - INTERVAL '41 days 23 hours'),
(120, 18, 139, 'not_active', 'paid', 2, NOW() - INTERVAL '30 days', NOW() - INTERVAL '29 days 23 hours'),
(121, 6, 140, 'not_active', 'paid', 3, NOW() - INTERVAL '20 days', NOW() - INTERVAL '19 days 23 hours'),

-- ════════════════════════════════════════════════════════════
-- FILM 8: The Super Mario Galaxy Movie (showtime 141–150) — 10 bookings
-- Banyak anak-anak → qty lebih besar
-- ════════════════════════════════════════════════════════════
(122, 9, 141, 'not_active', 'paid', 4, NOW() - INTERVAL '81 days', NOW() - INTERVAL '80 days 23 hours'),
(123, 15, 142, 'not_active', 'paid', 3, NOW() - INTERVAL '76 days', NOW() - INTERVAL '75 days 23 hours'),
(124, 20, 143, 'not_active', 'paid', 4, NOW() - INTERVAL '71 days', NOW() - INTERVAL '70 days 23 hours'),
(125, 5, 144, 'not_active', 'paid', 2, NOW() - INTERVAL '66 days', NOW() - INTERVAL '65 days 23 hours'),
(126, 17, 145, 'not_active', 'paid', 4, NOW() - INTERVAL '61 days', NOW() - INTERVAL '60 days 23 hours'),
(127, 22, 146, 'not_active', 'paid', 3, NOW() - INTERVAL '56 days', NOW() - INTERVAL '55 days 23 hours'),
(128, 13, 147, 'not_active', 'paid', 4, NOW() - INTERVAL '51 days', NOW() - INTERVAL '50 days 23 hours'),
(129, 7, 148, 'not_active', 'paid', 2, NOW() - INTERVAL '41 days', NOW() - INTERVAL '40 days 23 hours'),
(130, 12, 149, 'not_active', 'paid', 3, NOW() - INTERVAL '31 days', NOW() - INTERVAL '30 days 23 hours'),
(131, 4, 150, 'not_active', 'paid', 4, NOW() - INTERVAL '21 days', NOW() - INTERVAL '20 days 23 hours'),

-- ════════════════════════════════════════════════════════════
-- FILM 9: Disclosure Day (showtime 151–161) — 11 bookings
-- ════════════════════════════════════════════════════════════
(132, 8, 151, 'not_active', 'paid', 2, NOW() - INTERVAL '80 days', NOW() - INTERVAL '79 days 23 hours'),
(133, 16, 152, 'not_active', 'paid', 3, NOW() - INTERVAL '75 days', NOW() - INTERVAL '74 days 23 hours'),
(134, 11, 153, 'not_active', 'paid', 2, NOW() - INTERVAL '70 days', NOW() - INTERVAL '69 days 23 hours'),
(135, 6, 154, 'not_active', 'paid', 4, NOW() - INTERVAL '65 days', NOW() - INTERVAL '64 days 23 hours'),
(136, 19, 155, 'not_active', 'paid', 2, NOW() - INTERVAL '60 days', NOW() - INTERVAL '59 days 23 hours'),
(137, 21, 156, 'not_active', 'paid', 3, NOW() - INTERVAL '55 days', NOW() - INTERVAL '54 days 23 hours'),
(138, 14, 157, 'not_active', 'paid', 2, NOW() - INTERVAL '50 days', NOW() - INTERVAL '49 days 23 hours'),
(139, 10, 158, 'not_active', 'paid', 2, NOW() - INTERVAL '45 days', NOW() - INTERVAL '44 days 23 hours'),
(140, 5, 159, 'not_active', 'paid', 3, NOW() - INTERVAL '36 days', NOW() - INTERVAL '35 days 23 hours'),
(141, 18, 160, 'not_active', 'paid', 2, NOW() - INTERVAL '26 days', NOW() - INTERVAL '25 days 23 hours'),
(142, 9, 161, 'not_active', 'paid', 4, NOW() - INTERVAL '16 days', NOW() - INTERVAL '15 days 23 hours'),

-- ════════════════════════════════════════════════════════════
-- FILM 10: Masters of the Universe (showtime 162–173) — 12 bookings
-- Film paling baru, paling ramai → qty besar
-- ════════════════════════════════════════════════════════════
(143, 4, 162, 'not_active', 'paid', 3, NOW() - INTERVAL '79 days', NOW() - INTERVAL '78 days 23 hours'),
(144, 22, 163, 'not_active', 'paid', 4, NOW() - INTERVAL '74 days', NOW() - INTERVAL '73 days 23 hours'),
(145, 7, 164, 'not_active', 'paid', 3, NOW() - INTERVAL '69 days', NOW() - INTERVAL '68 days 23 hours'),
(146, 20, 165, 'not_active', 'paid', 4, NOW() - INTERVAL '64 days', NOW() - INTERVAL '63 days 23 hours'),
(147, 15, 166, 'not_active', 'paid', 3, NOW() - INTERVAL '59 days', NOW() - INTERVAL '58 days 23 hours'),
(148, 11, 167, 'not_active', 'paid', 4, NOW() - INTERVAL '54 days', NOW() - INTERVAL '53 days 23 hours'),
(149, 17, 168, 'not_active', 'paid', 3, NOW() - INTERVAL '49 days', NOW() - INTERVAL '48 days 23 hours'),
(150, 6, 169, 'not_active', 'paid', 4, NOW() - INTERVAL '44 days', NOW() - INTERVAL '43 days 23 hours'),
(151, 12, 170, 'not_active', 'paid', 3, NOW() - INTERVAL '34 days', NOW() - INTERVAL '33 days 23 hours'),
(152, 8, 171, 'not_active', 'paid', 4, NOW() - INTERVAL '24 days', NOW() - INTERVAL '23 days 23 hours'),
(153, 13, 172, 'not_active', 'paid', 3, NOW() - INTERVAL '14 days', NOW() - INTERVAL '13 days 23 hours'),
(154, 5, 173, 'not_active', 'paid', 4, NOW() - INTERVAL '4 days',
 NOW() - INTERVAL '3 days 23 hours') ON CONFLICT (id) DO NOTHING;


-- ============================================================
-- TAMBAHAN 100 TRANSACTIONS (completed)
-- Sesuai dengan 100 bookings di atas
-- Harga = showtime.price × booking.quantity
-- ============================================================
INSERT INTO transactions (id, booking_id, payment_method_id, virtual_rek, total_price, status, qr_code)
VALUES
-- Film 1: Obsession
(38, 38, 1, 88140038, 150000, 'completed', 'https://storage.tickitz.id/qr/TXN038.png'),   -- 2×75000
(39, 39, 2, 88140039, 225000, 'completed', 'https://storage.tickitz.id/qr/TXN039.png'),   -- 3×75000
(40, 40, 4, 88140040, 140000, 'completed', 'https://storage.tickitz.id/qr/TXN040.png'),   -- 2×70000
(41, 41, 1, 88140041, 300000, 'completed', 'https://storage.tickitz.id/qr/TXN041.png'),   -- 4×75000
(42, 42, 3, 88140042, 160000, 'completed', 'https://storage.tickitz.id/qr/TXN042.png'),   -- 2×80000
(43, 43, 5, 88140043, 225000, 'completed', 'https://storage.tickitz.id/qr/TXN043.png'),   -- 3×75000
(44, 44, 2, 88140044, 150000, 'completed', 'https://storage.tickitz.id/qr/TXN044.png'),   -- 2×75000
(45, 45, 1, 88140045, 150000, 'completed', 'https://storage.tickitz.id/qr/TXN045.png'),   -- 2×75000
(46, 46, 4, 88140046, 210000, 'completed', 'https://storage.tickitz.id/qr/TXN046.png'),   -- 3×70000
(47, 47, 7, 88140047, 160000, 'completed', 'https://storage.tickitz.id/qr/TXN047.png'),   -- 2×80000
(48, 48, 1, 88140048, 300000, 'completed', 'https://storage.tickitz.id/qr/TXN048.png'),   -- 4×75000
(49, 49, 6, 88140049, 150000, 'completed', 'https://storage.tickitz.id/qr/TXN049.png'),   -- 2×75000
(50, 50, 2, 88140050, 170000, 'completed', 'https://storage.tickitz.id/qr/TXN050.png'),   -- 2×85000
(51, 51, 3, 88140051, 255000, 'completed', 'https://storage.tickitz.id/qr/TXN051.png'),   -- 3×85000

-- Film 2: Peddi
(52, 52, 4, 88140052, 160000, 'completed', 'https://storage.tickitz.id/qr/TXN052.png'),   -- 2×80000
(53, 53, 1, 88140053, 240000, 'completed', 'https://storage.tickitz.id/qr/TXN053.png'),   -- 3×80000
(54, 54, 5, 88140054, 150000, 'completed', 'https://storage.tickitz.id/qr/TXN054.png'),   -- 2×75000
(55, 55, 2, 88140055, 340000, 'completed', 'https://storage.tickitz.id/qr/TXN055.png'),   -- 4×85000
(56, 56, 8, 88140056, 160000, 'completed', 'https://storage.tickitz.id/qr/TXN056.png'),   -- 2×80000
(57, 57, 1, 88140057, 240000, 'completed', 'https://storage.tickitz.id/qr/TXN057.png'),   -- 3×80000
(58, 58, 3, 88140058, 150000, 'completed', 'https://storage.tickitz.id/qr/TXN058.png'),   -- 2×75000
(59, 59, 4, 88140059, 160000, 'completed', 'https://storage.tickitz.id/qr/TXN059.png'),   -- 2×80000
(60, 60, 2, 88140060, 340000, 'completed', 'https://storage.tickitz.id/qr/TXN060.png'),   -- 4×85000
(61, 61, 1, 88140061, 160000, 'completed', 'https://storage.tickitz.id/qr/TXN061.png'),   -- 2×80000
(62, 62, 6, 88140062, 240000, 'completed', 'https://storage.tickitz.id/qr/TXN062.png'),   -- 3×80000
(63, 63, 7, 88140063, 170000, 'completed', 'https://storage.tickitz.id/qr/TXN063.png'),   -- 2×85000
(64, 64, 1, 88140064, 170000, 'completed', 'https://storage.tickitz.id/qr/TXN064.png'),   -- 2×85000

-- Film 3: Hai Jawani Toh Ishq
(65, 65, 4, 88140065, 140000, 'completed', 'https://storage.tickitz.id/qr/TXN065.png'),   -- 2×70000
(66, 66, 2, 88140066, 140000, 'completed', 'https://storage.tickitz.id/qr/TXN066.png'),   -- 2×70000
(67, 67, 1, 88140067, 210000, 'completed', 'https://storage.tickitz.id/qr/TXN067.png'),   -- 3×70000
(68, 68, 5, 88140068, 150000, 'completed', 'https://storage.tickitz.id/qr/TXN068.png'),   -- 2×75000
(69, 69, 3, 88140069, 280000, 'completed', 'https://storage.tickitz.id/qr/TXN069.png'),   -- 4×70000
(70, 70, 1, 88140070, 150000, 'completed', 'https://storage.tickitz.id/qr/TXN070.png'),   -- 2×75000
(71, 71, 4, 88140071, 140000, 'completed', 'https://storage.tickitz.id/qr/TXN071.png'),   -- 2×70000
(72, 72, 2, 88140072, 210000, 'completed', 'https://storage.tickitz.id/qr/TXN072.png'),   -- 3×70000
(73, 73, 7, 88140073, 140000, 'completed', 'https://storage.tickitz.id/qr/TXN073.png'),   -- 2×70000
(74, 74, 1, 88140074, 150000, 'completed', 'https://storage.tickitz.id/qr/TXN074.png'),   -- 2×75000
(75, 75, 6, 88140075, 225000, 'completed', 'https://storage.tickitz.id/qr/TXN075.png'),   -- 3×75000
(76, 76, 3, 88140076, 150000, 'completed', 'https://storage.tickitz.id/qr/TXN076.png'),   -- 2×75000

-- Film 4: Michael (harga premium 90000)
(77, 77, 1, 88140077, 360000, 'completed', 'https://storage.tickitz.id/qr/TXN077.png'),   -- 4×90000
(78, 78, 2, 88140078, 270000, 'completed', 'https://storage.tickitz.id/qr/TXN078.png'),   -- 3×90000
(79, 79, 4, 88140079, 340000, 'completed', 'https://storage.tickitz.id/qr/TXN079.png'),   -- 4×85000
(80, 80, 1, 88140080, 180000, 'completed', 'https://storage.tickitz.id/qr/TXN080.png'),   -- 2×90000
(81, 81, 5, 88140081, 360000, 'completed', 'https://storage.tickitz.id/qr/TXN081.png'),   -- 4×90000
(82, 82, 3, 88140082, 270000, 'completed', 'https://storage.tickitz.id/qr/TXN082.png'),   -- 3×90000
(83, 83, 1, 88140083, 360000, 'completed', 'https://storage.tickitz.id/qr/TXN083.png'),   -- 4×90000
(84, 84, 8, 88140084, 180000, 'completed', 'https://storage.tickitz.id/qr/TXN084.png'),   -- 2×90000
(85, 85, 2, 88140085, 270000, 'completed', 'https://storage.tickitz.id/qr/TXN085.png'),   -- 3×90000
(86, 86, 4, 88140086, 360000, 'completed', 'https://storage.tickitz.id/qr/TXN086.png'),   -- 4×90000
(87, 87, 1, 88140087, 270000, 'completed', 'https://storage.tickitz.id/qr/TXN087.png'),   -- 3×90000
(88, 88, 6, 88140088, 380000, 'completed', 'https://storage.tickitz.id/qr/TXN088.png'),   -- 4×95000

-- Film 5: Mortal Kombat II
(89, 89, 1, 88140089, 255000, 'completed', 'https://storage.tickitz.id/qr/TXN089.png'),   -- 3×85000
(90, 90, 2, 88140090, 170000, 'completed', 'https://storage.tickitz.id/qr/TXN090.png'),   -- 2×85000
(91, 91, 3, 88140091, 360000, 'completed', 'https://storage.tickitz.id/qr/TXN091.png'),   -- 4×90000
(92, 92, 4, 88140092, 160000, 'completed', 'https://storage.tickitz.id/qr/TXN092.png'),   -- 2×80000
(93, 93, 1, 88140093, 255000, 'completed', 'https://storage.tickitz.id/qr/TXN093.png'),   -- 3×85000
(94, 94, 7, 88140094, 360000, 'completed', 'https://storage.tickitz.id/qr/TXN094.png'),   -- 4×90000
(95, 95, 5, 88140095, 160000, 'completed', 'https://storage.tickitz.id/qr/TXN095.png'),   -- 2×80000
(96, 96, 2, 88140096, 255000, 'completed', 'https://storage.tickitz.id/qr/TXN096.png'),   -- 3×85000
(97, 97, 1, 88140097, 360000, 'completed', 'https://storage.tickitz.id/qr/TXN097.png'),   -- 4×90000
(98, 98, 4, 88140098, 160000, 'completed', 'https://storage.tickitz.id/qr/TXN098.png'),   -- 2×80000
(99, 99, 3, 88140099, 255000, 'completed', 'https://storage.tickitz.id/qr/TXN099.png'),   -- 3×85000
(100, 100, 6, 88140100, 180000, 'completed', 'https://storage.tickitz.id/qr/TXN100.png'), -- 2×90000

-- Film 6: Karuppu
(101, 101, 1, 88140101, 130000, 'completed', 'https://storage.tickitz.id/qr/TXN101.png'), -- 2×65000
(102, 102, 2, 88140102, 180000, 'completed', 'https://storage.tickitz.id/qr/TXN102.png'), -- 3×60000
(103, 103, 4, 88140103, 130000, 'completed', 'https://storage.tickitz.id/qr/TXN103.png'), -- 2×65000
(104, 104, 1, 88140104, 140000, 'completed', 'https://storage.tickitz.id/qr/TXN104.png'), -- 2×70000
(105, 105, 5, 88140105, 195000, 'completed', 'https://storage.tickitz.id/qr/TXN105.png'), -- 3×65000
(106, 106, 3, 88140106, 140000, 'completed', 'https://storage.tickitz.id/qr/TXN106.png'), -- 2×70000
(107, 107, 2, 88140107, 130000, 'completed', 'https://storage.tickitz.id/qr/TXN107.png'), -- 2×65000
(108, 108, 1, 88140108, 195000, 'completed', 'https://storage.tickitz.id/qr/TXN108.png'), -- 3×65000
(109, 109, 7, 88140109, 130000, 'completed', 'https://storage.tickitz.id/qr/TXN109.png'), -- 2×65000
(110, 110, 4, 88140110, 130000, 'completed', 'https://storage.tickitz.id/qr/TXN110.png'), -- 2×65000

-- Film 7: The Mandalorian and Grogu
(111, 111, 1, 88140111, 210000, 'completed', 'https://storage.tickitz.id/qr/TXN111.png'), -- 3×70000
(112, 112, 2, 88140112, 130000, 'completed', 'https://storage.tickitz.id/qr/TXN112.png'), -- 2×65000
(113, 113, 3, 88140113, 280000, 'completed', 'https://storage.tickitz.id/qr/TXN113.png'), -- 4×70000
(114, 114, 1, 88140114, 150000, 'completed', 'https://storage.tickitz.id/qr/TXN114.png'), -- 2×75000
(115, 115, 4, 88140115, 195000, 'completed', 'https://storage.tickitz.id/qr/TXN115.png'), -- 3×65000
(116, 116, 5, 88140116, 140000, 'completed', 'https://storage.tickitz.id/qr/TXN116.png'), -- 2×70000
(117, 117, 2, 88140117, 130000, 'completed', 'https://storage.tickitz.id/qr/TXN117.png'), -- 2×65000
(118, 118, 1, 88140118, 210000, 'completed', 'https://storage.tickitz.id/qr/TXN118.png'), -- 3×70000
(119, 119, 6, 88140119, 150000, 'completed', 'https://storage.tickitz.id/qr/TXN119.png'), -- 2×75000
(120, 120, 3, 88140120, 130000, 'completed', 'https://storage.tickitz.id/qr/TXN120.png'), -- 2×65000
(121, 121, 7, 88140121, 210000, 'completed', 'https://storage.tickitz.id/qr/TXN121.png'), -- 3×70000

-- Film 8: The Super Mario Galaxy Movie (harga 55000–60000)
(122, 122, 1, 88140122, 240000, 'completed', 'https://storage.tickitz.id/qr/TXN122.png'), -- 4×60000
(123, 123, 2, 88140123, 165000, 'completed', 'https://storage.tickitz.id/qr/TXN123.png'), -- 3×55000
(124, 124, 4, 88140124, 240000, 'completed', 'https://storage.tickitz.id/qr/TXN124.png'), -- 4×60000
(125, 125, 1, 88140125, 120000, 'completed', 'https://storage.tickitz.id/qr/TXN125.png'), -- 2×60000
(126, 126, 3, 88140126, 220000, 'completed', 'https://storage.tickitz.id/qr/TXN126.png'), -- 4×55000
(127, 127, 5, 88140127, 180000, 'completed', 'https://storage.tickitz.id/qr/TXN127.png'), -- 3×60000
(128, 128, 2, 88140128, 240000, 'completed', 'https://storage.tickitz.id/qr/TXN128.png'), -- 4×60000
(129, 129, 1, 88140129, 120000, 'completed', 'https://storage.tickitz.id/qr/TXN129.png'), -- 2×60000
(130, 130, 8, 88140130, 165000, 'completed', 'https://storage.tickitz.id/qr/TXN130.png'), -- 3×55000
(131, 131, 4, 88140131, 240000, 'completed', 'https://storage.tickitz.id/qr/TXN131.png'), -- 4×60000

-- Film 9: Disclosure Day
(132, 132, 2, 88140132, 160000, 'completed', 'https://storage.tickitz.id/qr/TXN132.png'), -- 2×80000
(133, 133, 1, 88140133, 240000, 'completed', 'https://storage.tickitz.id/qr/TXN133.png'), -- 3×80000
(134, 134, 4, 88140134, 170000, 'completed', 'https://storage.tickitz.id/qr/TXN134.png'), -- 2×85000
(135, 135, 3, 88140135, 300000, 'completed', 'https://storage.tickitz.id/qr/TXN135.png'), -- 4×75000
(136, 136, 5, 88140136, 160000, 'completed', 'https://storage.tickitz.id/qr/TXN136.png'), -- 2×80000
(137, 137, 1, 88140137, 240000, 'completed', 'https://storage.tickitz.id/qr/TXN137.png'), -- 3×80000
(138, 138, 6, 88140138, 150000, 'completed', 'https://storage.tickitz.id/qr/TXN138.png'), -- 2×75000
(139, 139, 2, 88140139, 160000, 'completed', 'https://storage.tickitz.id/qr/TXN139.png'), -- 2×80000
(140, 140, 7, 88140140, 255000, 'completed', 'https://storage.tickitz.id/qr/TXN140.png'), -- 3×85000
(141, 141, 1, 88140141, 160000, 'completed', 'https://storage.tickitz.id/qr/TXN141.png'), -- 2×80000
(142, 142, 4, 88140142, 320000, 'completed', 'https://storage.tickitz.id/qr/TXN142.png'), -- 4×80000

-- Film 10: Masters of the Universe (harga premium 85000–95000)
(143, 143, 1, 88140143, 255000, 'completed', 'https://storage.tickitz.id/qr/TXN143.png'), -- 3×85000
(144, 144, 2, 88140144, 360000, 'completed', 'https://storage.tickitz.id/qr/TXN144.png'), -- 4×90000
(145, 145, 3, 88140145, 255000, 'completed', 'https://storage.tickitz.id/qr/TXN145.png'), -- 3×85000
(146, 146, 4, 88140146, 360000, 'completed', 'https://storage.tickitz.id/qr/TXN146.png'), -- 4×90000
(147, 147, 1, 88140147, 270000, 'completed', 'https://storage.tickitz.id/qr/TXN147.png'), -- 3×90000
(148, 148, 5, 88140148, 360000, 'completed', 'https://storage.tickitz.id/qr/TXN148.png'), -- 4×90000
(149, 149, 2, 88140149, 255000, 'completed', 'https://storage.tickitz.id/qr/TXN149.png'), -- 3×85000
(150, 150, 7, 88140150, 360000, 'completed', 'https://storage.tickitz.id/qr/TXN150.png'), -- 4×90000
(151, 151, 1, 88140151, 270000, 'completed', 'https://storage.tickitz.id/qr/TXN151.png'), -- 3×90000
(152, 152, 3, 88140152, 360000, 'completed', 'https://storage.tickitz.id/qr/TXN152.png'), -- 4×90000
(153, 153, 4, 88140153, 255000, 'completed', 'https://storage.tickitz.id/qr/TXN153.png'), -- 3×85000
(154, 154, 8, 88140154, 380000, 'completed', 'https://storage.tickitz.id/qr/TXN154.png')  -- 4×95000

    ON CONFLICT (id) DO NOTHING;


-- ============================================================
-- TAMBAHAN BOOKING_SEATS
-- Setiap booking mendapat kursi unik agar tidak bentrok
-- Menggunakan seat_id yang belum dipakai di seeding asli
-- Seat ID 200–850 (zona aman dari data lama)
-- ============================================================
-- Film 1: Obsession bookings (38–51)
INSERT INTO booking_seats (booking_id, seat_id, showtime_id)
VALUES (38, 200, 57),
       (38, 201, 57),
       (39, 202, 58),
       (39, 203, 58),
       (39, 204, 58),
       (40, 205, 59),
       (40, 206, 59),
       (41, 207, 60),
       (41, 208, 60),
       (41, 209, 60),
       (41, 210, 60),
       (42, 211, 61),
       (42, 212, 61),
       (43, 213, 62),
       (43, 214, 62),
       (43, 215, 62),
       (44, 216, 63),
       (44, 217, 63),
       (45, 218, 64),
       (45, 219, 64),
       (46, 220, 65),
       (46, 221, 65),
       (46, 222, 65),
       (47, 223, 66),
       (47, 224, 66),
       (48, 225, 67),
       (48, 226, 67),
       (48, 227, 67),
       (48, 228, 67),
       (49, 229, 68),
       (49, 230, 68),
       (50, 231, 69),
       (50, 232, 69),
       (51, 233, 70),
       (51, 234, 70),
       (51, 235, 70);

-- Film 2: Peddi bookings (52–64)
INSERT INTO booking_seats (booking_id, seat_id, showtime_id)
VALUES (52, 236, 71),
       (52, 237, 71),
       (53, 238, 72),
       (53, 239, 72),
       (53, 240, 72),
       (54, 241, 73),
       (54, 242, 73),
       (55, 243, 74),
       (55, 244, 74),
       (55, 245, 74),
       (55, 246, 74),
       (56, 247, 75),
       (56, 248, 75),
       (57, 249, 76),
       (57, 250, 76),
       (57, 251, 76),
       (58, 252, 77),
       (58, 253, 77),
       (59, 254, 78),
       (59, 255, 78),
       (60, 256, 79),
       (60, 257, 79),
       (60, 258, 79),
       (60, 259, 79),
       (61, 260, 80),
       (61, 261, 80),
       (62, 262, 81),
       (62, 263, 81),
       (62, 264, 81),
       (63, 265, 82),
       (63, 266, 82),
       (64, 267, 83),
       (64, 268, 83);

-- Film 3: Hai Jawani (65–76)
INSERT INTO booking_seats (booking_id, seat_id, showtime_id)
VALUES (65, 269, 84),
       (65, 270, 84),
       (66, 271, 85),
       (66, 272, 85),
       (67, 273, 86),
       (67, 274, 86),
       (67, 275, 86),
       (68, 276, 87),
       (68, 277, 87),
       (69, 278, 88),
       (69, 279, 88),
       (69, 280, 88),
       (69, 281, 88),
       (70, 282, 89),
       (70, 283, 89),
       (71, 284, 90),
       (71, 285, 90),
       (72, 286, 91),
       (72, 287, 91),
       (72, 288, 91),
       (73, 289, 92),
       (73, 290, 92),
       (74, 291, 93),
       (74, 292, 93),
       (75, 293, 94),
       (75, 294, 94),
       (75, 295, 94),
       (76, 296, 95),
       (76, 297, 95);

-- Film 4: Michael (77–88)
INSERT INTO booking_seats (booking_id, seat_id, showtime_id)
VALUES (77, 298, 96),
       (77, 299, 96),
       (77, 300, 96),
       (77, 301, 96),
       (78, 302, 97),
       (78, 303, 97),
       (78, 304, 97),
       (79, 305, 98),
       (79, 306, 98),
       (79, 307, 98),
       (79, 308, 98),
       (80, 309, 99),
       (80, 310, 99),
       (81, 311, 100),
       (81, 312, 100),
       (81, 313, 100),
       (81, 314, 100),
       (82, 315, 101),
       (82, 316, 101),
       (82, 317, 101),
       (83, 318, 102),
       (83, 319, 102),
       (83, 320, 102),
       (83, 321, 102),
       (84, 322, 103),
       (84, 323, 103),
       (85, 324, 104),
       (85, 325, 104),
       (85, 326, 104),
       (86, 327, 105),
       (86, 328, 105),
       (86, 329, 105),
       (86, 330, 105),
       (87, 331, 106),
       (87, 332, 106),
       (87, 333, 106),
       (88, 334, 107),
       (88, 335, 107),
       (88, 336, 107),
       (88, 337, 107);

-- Film 5: Mortal Kombat II (89–100)
INSERT INTO booking_seats (booking_id, seat_id, showtime_id)
VALUES (89, 338, 108),
       (89, 339, 108),
       (89, 340, 108),
       (90, 341, 109),
       (90, 342, 109),
       (91, 343, 110),
       (91, 344, 110),
       (91, 345, 110),
       (91, 346, 110),
       (92, 347, 111),
       (92, 348, 111),
       (93, 349, 112),
       (93, 350, 112),
       (93, 351, 112),
       (94, 352, 113),
       (94, 353, 113),
       (94, 354, 113),
       (94, 355, 113),
       (95, 356, 114),
       (95, 357, 114),
       (96, 358, 115),
       (96, 359, 115),
       (96, 360, 115),
       (97, 361, 116),
       (97, 362, 116),
       (97, 363, 116),
       (97, 364, 116),
       (98, 365, 117),
       (98, 366, 117),
       (99, 367, 118),
       (99, 368, 118),
       (99, 369, 118),
       (100, 370, 119),
       (100, 371, 119);

-- Film 6: Karuppu (101–110)
INSERT INTO booking_seats (booking_id, seat_id, showtime_id)
VALUES (101, 372, 120),
       (101, 373, 120),
       (102, 374, 121),
       (102, 375, 121),
       (102, 376, 121),
       (103, 377, 122),
       (103, 378, 122),
       (104, 379, 123),
       (104, 380, 123),
       (105, 381, 124),
       (105, 382, 124),
       (105, 383, 124),
       (106, 384, 125),
       (106, 385, 125),
       (107, 386, 126),
       (107, 387, 126),
       (108, 388, 127),
       (108, 389, 127),
       (108, 390, 127),
       (109, 391, 128),
       (109, 392, 128),
       (110, 393, 129),
       (110, 394, 129);

-- Film 7: The Mandalorian (111–121)
INSERT INTO booking_seats (booking_id, seat_id, showtime_id)
VALUES (111, 395, 130),
       (111, 396, 130),
       (111, 397, 130),
       (112, 398, 131),
       (112, 399, 131),
       (113, 400, 132),
       (113, 401, 132),
       (113, 402, 132),
       (113, 403, 132),
       (114, 404, 133),
       (114, 405, 133),
       (115, 406, 134),
       (115, 407, 134),
       (115, 408, 134),
       (116, 409, 135),
       (116, 410, 135),
       (117, 411, 136),
       (117, 412, 136),
       (118, 413, 137),
       (118, 414, 137),
       (118, 415, 137),
       (119, 416, 138),
       (119, 417, 138),
       (120, 418, 139),
       (120, 419, 139),
       (121, 420, 140),
       (121, 421, 140),
       (121, 422, 140);

-- Film 8: Super Mario (122–131)
INSERT INTO booking_seats (booking_id, seat_id, showtime_id)
VALUES (122, 423, 141),
       (122, 424, 141),
       (122, 425, 141),
       (122, 426, 141),
       (123, 427, 142),
       (123, 428, 142),
       (123, 429, 142),
       (124, 430, 143),
       (124, 431, 143),
       (124, 432, 143),
       (124, 433, 143),
       (125, 434, 144),
       (125, 435, 144),
       (126, 436, 145),
       (126, 437, 145),
       (126, 438, 145),
       (126, 439, 145),
       (127, 440, 146),
       (127, 441, 146),
       (127, 442, 146),
       (128, 443, 147),
       (128, 444, 147),
       (128, 445, 147),
       (128, 446, 147),
       (129, 447, 148),
       (129, 448, 148),
       (130, 449, 149),
       (130, 450, 149),
       (130, 451, 149),
       (131, 452, 150),
       (131, 453, 150),
       (131, 454, 150),
       (131, 455, 150);

-- Film 9: Disclosure Day (132–142)
INSERT INTO booking_seats (booking_id, seat_id, showtime_id)
VALUES (132, 456, 151),
       (132, 457, 151),
       (133, 458, 152),
       (133, 459, 152),
       (133, 460, 152),
       (134, 461, 153),
       (134, 462, 153),
       (135, 463, 154),
       (135, 464, 154),
       (135, 465, 154),
       (135, 466, 154),
       (136, 467, 155),
       (136, 468, 155),
       (137, 469, 156),
       (137, 470, 156),
       (137, 471, 156),
       (138, 472, 157),
       (138, 473, 157),
       (139, 474, 158),
       (139, 475, 158),
       (140, 476, 159),
       (140, 477, 159),
       (140, 478, 159),
       (141, 479, 160),
       (141, 480, 160),
       (142, 481, 161),
       (142, 482, 161),
       (142, 483, 161),
       (142, 484, 161);

-- Film 10: Masters of the Universe (143–154)
INSERT INTO booking_seats (booking_id, seat_id, showtime_id)
VALUES (143, 485, 162),
       (143, 486, 162),
       (143, 487, 162),
       (144, 488, 163),
       (144, 489, 163),
       (144, 490, 163),
       (144, 491, 163),
       (145, 492, 164),
       (145, 493, 164),
       (145, 494, 164),
       (146, 495, 165),
       (146, 496, 165),
       (146, 497, 165),
       (146, 498, 165),
       (147, 499, 166),
       (147, 500, 166),
       (147, 501, 166),
       (148, 502, 167),
       (148, 503, 167),
       (148, 504, 167),
       (148, 505, 167),
       (149, 506, 168),
       (149, 507, 168),
       (149, 508, 168),
       (150, 509, 169),
       (150, 510, 169),
       (150, 511, 169),
       (150, 512, 169),
       (151, 513, 170),
       (151, 514, 170),
       (151, 515, 170),
       (152, 516, 171),
       (152, 517, 171),
       (152, 518, 171),
       (152, 519, 171),
       (153, 520, 172),
       (153, 521, 172),
       (153, 522, 172),
       (154, 523, 173),
       (154, 524, 173),
       (154, 525, 173),
       (154, 526, 173);


-- ============================================================
-- RESET SEQUENCES
-- ============================================================
SELECT setval('showtimes_id_seq', (SELECT MAX(id) FROM showtimes));
SELECT setval('bookings_id_seq', (SELECT MAX(id) FROM bookings));
SELECT setval('transactions_id_seq', (SELECT MAX(id) FROM transactions));
SELECT setval('booking_seats_id_seq', (SELECT MAX(id) FROM booking_seats));


-- ================================================================
-- SUMMARY TAMBAHAN
-- ================================================================
-- showtimes baru : 117 jadwal historis (id 57–173) untuk movie 1–10
-- bookings baru  : 100 (id 38–137) total sekarang = 137
-- transactions   : 100 (id 38–137, semua completed)
-- booking_seats  : ~270 baris kursi baru
--
-- DISTRIBUSI BOOKINGS PER FILM (untuk chart):
--   Film 1  Obsession                  → 14 bookings, 35 tiket
--   Film 2  Peddi                      → 13 bookings, 31 tiket
--   Film 3  Hai Jawani Toh Ishq        → 12 bookings, 28 tiket
--   Film 4  Michael                    → 12 bookings, 40 tiket ★ terlaris
--   Film 5  Mortal Kombat II           → 12 bookings, 35 tiket
--   Film 6  Karuppu                    → 10 bookings, 23 tiket
--   Film 7  The Mandalorian and Grogu  → 11 bookings, 27 tiket
--   Film 8  Super Mario Galaxy Movie   → 10 bookings, 31 tiket
--   Film 9  Disclosure Day             → 11 bookings, 28 tiket
--   Film 10 Masters of the Universe    → 12 bookings, 40 tiket
--
-- DATA TERSEBAR: 90 hari terakhir → ideal untuk chart bulanan/mingguan
-- REVENUE ESTIMASI TOTAL BARU: ± Rp 27.000.000+
-- ================================================================


-- ================================================================
--  TICKITZ — TAMBAHAN SHOWTIMES v1.0
--  Generated  : 2026-06-14
--
--  Tujuan     : Memperbanyak data showtimes untuk semua cinema
--               di semua location agar relasi location ↔ cinema
--               ↔ showtime lebih kaya.
--
--  Referensi data existing:
--    showtimes id 1–56   → jadwal awal (movie 1–10)
--    showtimes id 57–173 → jadwal historis v4.0 (movie 1–10)
--
--  File ini menambahkan id 174–353 (180 showtimes baru)
--  mencakup movie_id 1–10 di semua 15 cinema (kecuali id 15
--  karena isAvailable = false), tersebar CURRENT_DATE -3 s/d +4.
--
--  CARA PAKAI:
--    psql -d your_db -f seeding_showtimes_tambahan.sql
--
-- ================================================================

-- ============================================================
-- REFERENSI CINEMA ↔ LOCATION
-- ============================================================
-- cinema_id | location_id | kota          | nama cinema
--  1        | 1           | Jakarta       | ebv.id Grand Indonesia
--  2        | 1           | Jakarta       | hiflix FX Sudirman
--  3        | 1           | Jakarta       | CineOne21 Taman Ismail Marzuki
--  4        | 2           | Surabaya      | ebv.id Tunjungan Plaza
--  5        | 2           | Surabaya      | hiflix Galaxy Mall
--  6        | 2           | Surabaya      | CineOne21 Pakuwon Mall
--  7        | 3           | Bandung       | ebv.id Paris Van Java
--  8        | 3           | Bandung       | hiflix Bandung Indah Plaza
--  9        | 4           | Medan         | CineOne21 Sun Plaza
-- 10        | 5           | Semarang      | ebv.id Paragon Mall
-- 11        | 9           | Yogyakarta    | hiflix Ambarrukmo Plaza
-- 12        | 8           | Denpasar      | CineOne21 Bali Galeria
-- 13        | 6           | Makassar      | ebv.id Panakukang Mall
-- 14        | 7           | Palembang     | hiflix Palembang Square
-- 15        | 11          | Purwokerto    | CineOne21 Mayfair (isAvailable=false, SKIP)

-- ============================================================
-- 13B. TAMBAHAN SHOWTIMES (id 174–353)
-- ============================================================
INSERT INTO showtimes (id, movie_id, cinema_id, date, time, price)
VALUES

-- ═══════════════════════════════════════════════════════════
-- FILM 1: Monster Pabrik Rambut  (movie_id = 1)
-- Tambah di: cinema 2,3,4,5,6,7,8,9,10,11,12,13,14
-- ═══════════════════════════════════════════════════════════
-- Jakarta – hiflix FX Sudirman (cinema 2)
(174, 1, 2, CURRENT_DATE - 3, '11:00', 65000),
(175, 1, 2, CURRENT_DATE - 1, '20:00', 65000),
(176, 1, 2, CURRENT_DATE + 1, '11:00', 65000),
(177, 1, 2, CURRENT_DATE + 3, '16:00', 65000),

-- Jakarta – CineOne21 TIM (cinema 3)
(178, 1, 3, CURRENT_DATE - 2, '13:30', 60000),
(179, 1, 3, CURRENT_DATE,     '16:00', 65000),
(180, 1, 3, CURRENT_DATE + 2, '20:00', 65000),

-- Surabaya – ebv.id Tunjungan Plaza (cinema 4)
(181, 1, 4, CURRENT_DATE - 3, '08:30', 60000),
(182, 1, 4, CURRENT_DATE,     '11:00', 60000),
(183, 1, 4, CURRENT_DATE + 2, '16:00', 60000),

-- Surabaya – hiflix Galaxy Mall (cinema 5)
(184, 1, 5, CURRENT_DATE - 1, '16:00', 55000),
(185, 1, 5, CURRENT_DATE + 1, '20:00', 55000),

-- Surabaya – CineOne21 Pakuwon Mall (cinema 6)
(186, 1, 6, CURRENT_DATE,     '13:30', 55000),
(187, 1, 6, CURRENT_DATE + 3, '11:00', 55000),

-- Bandung – ebv.id Paris Van Java (cinema 7)
(188, 1, 7, CURRENT_DATE - 2, '16:00', 60000),
(189, 1, 7, CURRENT_DATE + 2, '13:30', 60000),

-- Bandung – hiflix Bandung Indah Plaza (cinema 8)
(190, 1, 8, CURRENT_DATE - 1, '11:00', 55000),
(191, 1, 8, CURRENT_DATE + 1, '16:00', 55000),

-- Medan – CineOne21 Sun Plaza (cinema 9)
(192, 1, 9, CURRENT_DATE,     '20:00', 60000),
(193, 1, 9, CURRENT_DATE + 3, '13:30', 60000),

-- Semarang – ebv.id Paragon Mall (cinema 10)
(194, 1, 10, CURRENT_DATE - 2, '11:00', 60000),
(195, 1, 10, CURRENT_DATE + 2, '20:00', 60000),

-- Yogyakarta – hiflix Ambarrukmo Plaza (cinema 11)
(196, 1, 11, CURRENT_DATE - 1, '13:30', 55000),
(197, 1, 11, CURRENT_DATE + 1, '20:00', 55000),

-- Denpasar – CineOne21 Bali Galeria (cinema 12)
(198, 1, 12, CURRENT_DATE,     '16:00', 65000),
(199, 1, 12, CURRENT_DATE + 3, '11:00', 65000),

-- Makassar – ebv.id Panakukang Mall (cinema 13)
(200, 1, 13, CURRENT_DATE - 3, '20:00', 60000),
(201, 1, 13, CURRENT_DATE + 1, '13:30', 60000),

-- Palembang – hiflix Palembang Square (cinema 14)
(202, 1, 14, CURRENT_DATE - 1, '16:00', 55000),
(203, 1, 14, CURRENT_DATE + 2, '11:00', 55000),

-- ═══════════════════════════════════════════════════════════
-- FILM 2: Kucing Hitam  (movie_id = 2)
-- Tambah di: cinema 3,4,5,6,7,8,9,10,11,12,13,14
-- ═══════════════════════════════════════════════════════════
-- Jakarta – CineOne21 TIM (cinema 3)
(204, 2, 3, CURRENT_DATE - 2, '20:00', 60000),
(205, 2, 3, CURRENT_DATE + 1, '16:00', 60000),

-- Surabaya – ebv.id Tunjungan Plaza (cinema 4)
(206, 2, 4, CURRENT_DATE - 3, '16:00', 60000),
(207, 2, 4, CURRENT_DATE,     '20:00', 60000),
(208, 2, 4, CURRENT_DATE + 2, '16:00', 60000),

-- Surabaya – hiflix Galaxy Mall (cinema 5)
(209, 2, 5, CURRENT_DATE - 1, '20:00', 55000),
(210, 2, 5, CURRENT_DATE + 3, '16:00', 55000),

-- Surabaya – CineOne21 Pakuwon Mall (cinema 6)
(211, 2, 6, CURRENT_DATE,     '21:30', 55000),
(212, 2, 6, CURRENT_DATE + 1, '20:00', 55000),

-- Bandung – ebv.id Paris Van Java (cinema 7)
(213, 2, 7, CURRENT_DATE - 2, '21:30', 60000),
(214, 2, 7, CURRENT_DATE + 2, '20:00', 60000),

-- Bandung – hiflix Bandung Indah Plaza (cinema 8)
(215, 2, 8, CURRENT_DATE - 1, '20:00', 55000),
(216, 2, 8, CURRENT_DATE + 1, '21:30', 55000),

-- Medan – CineOne21 Sun Plaza (cinema 9)
(217, 2, 9, CURRENT_DATE,     '16:00', 60000),
(218, 2, 9, CURRENT_DATE + 3, '20:00', 60000),

-- Semarang – ebv.id Paragon Mall (cinema 10)
(219, 2, 10, CURRENT_DATE - 3, '21:30', 60000),
(220, 2, 10, CURRENT_DATE + 1, '16:00', 60000),

-- Yogyakarta – hiflix Ambarrukmo Plaza (cinema 11)
(221, 2, 11, CURRENT_DATE - 1, '20:00', 55000),
(222, 2, 11, CURRENT_DATE + 2, '21:30', 55000),

-- Denpasar – CineOne21 Bali Galeria (cinema 12)
(223, 2, 12, CURRENT_DATE,     '21:30', 65000),
(224, 2, 12, CURRENT_DATE + 3, '16:00', 65000),

-- Makassar – ebv.id Panakukang Mall (cinema 13)
(225, 2, 13, CURRENT_DATE - 2, '20:00', 60000),
(226, 2, 13, CURRENT_DATE + 1, '21:30', 60000),

-- Palembang – hiflix Palembang Square (cinema 14)
(227, 2, 14, CURRENT_DATE - 1, '16:00', 55000),
(228, 2, 14, CURRENT_DATE + 2, '20:00', 55000),

-- ═══════════════════════════════════════════════════════════
-- FILM 3: Warkop DKI: Viralin Doooong!!  (movie_id = 3)
-- Tambah di: cinema 3,5,6,7,8,9,10,12,13,14
-- ═══════════════════════════════════════════════════════════
-- Jakarta – CineOne21 TIM (cinema 3)
(229, 3, 3, CURRENT_DATE - 3, '11:00', 60000),
(230, 3, 3, CURRENT_DATE + 2, '13:30', 60000),

-- Surabaya – hiflix Galaxy Mall (cinema 5)
(231, 3, 5, CURRENT_DATE - 2, '11:00', 55000),
(232, 3, 5, CURRENT_DATE + 1, '16:00', 55000),

-- Surabaya – CineOne21 Pakuwon Mall (cinema 6)
(233, 3, 6, CURRENT_DATE - 1, '13:30', 55000),
(234, 3, 6, CURRENT_DATE + 3, '11:00', 55000),

-- Bandung – ebv.id Paris Van Java (cinema 7)
(235, 3, 7, CURRENT_DATE,     '11:00', 60000),
(236, 3, 7, CURRENT_DATE + 2, '16:00', 60000),

-- Bandung – hiflix Bandung Indah Plaza (cinema 8)
(237, 3, 8, CURRENT_DATE - 3, '16:00', 55000),
(238, 3, 8, CURRENT_DATE + 1, '13:30', 55000),

-- Medan – CineOne21 Sun Plaza (cinema 9)
(239, 3, 9, CURRENT_DATE - 1, '11:00', 60000),
(240, 3, 9, CURRENT_DATE + 3, '16:00', 60000),

-- Semarang – ebv.id Paragon Mall (cinema 10)
(241, 3, 10, CURRENT_DATE,     '13:30', 60000),
(242, 3, 10, CURRENT_DATE + 2, '11:00', 60000),

-- Denpasar – CineOne21 Bali Galeria (cinema 12)
(243, 3, 12, CURRENT_DATE - 2, '13:30', 65000),
(244, 3, 12, CURRENT_DATE + 1, '11:00', 65000),

-- Makassar – ebv.id Panakukang Mall (cinema 13)
(245, 3, 13, CURRENT_DATE - 1, '16:00', 60000),
(246, 3, 13, CURRENT_DATE + 2, '13:30', 60000),

-- Palembang – hiflix Palembang Square (cinema 14)
(247, 3, 14, CURRENT_DATE,     '11:00', 55000),
(248, 3, 14, CURRENT_DATE + 3, '13:30', 55000),

-- ═══════════════════════════════════════════════════════════
-- FILM 4: Colony  (movie_id = 4)
-- Tambah di: cinema 2,3,5,6,7,8,10,11,12,13,14
-- ═══════════════════════════════════════════════════════════
-- Jakarta – hiflix FX Sudirman (cinema 2)
(249, 4, 2, CURRENT_DATE - 3, '18:30', 75000),
(250, 4, 2, CURRENT_DATE + 1, '20:00', 75000),

-- Jakarta – CineOne21 TIM (cinema 3)
(251, 4, 3, CURRENT_DATE - 2, '20:00', 70000),
(252, 4, 3, CURRENT_DATE + 2, '18:30', 70000),

-- Surabaya – hiflix Galaxy Mall (cinema 5)
(253, 4, 5, CURRENT_DATE - 1, '18:30', 65000),
(254, 4, 5, CURRENT_DATE + 3, '20:00', 65000),

-- Surabaya – CineOne21 Pakuwon Mall (cinema 6)
(255, 4, 6, CURRENT_DATE,     '20:00', 65000),
(256, 4, 6, CURRENT_DATE + 1, '18:30', 65000),

-- Bandung – ebv.id Paris Van Java (cinema 7)
(257, 4, 7, CURRENT_DATE - 3, '20:00', 70000),
(258, 4, 7, CURRENT_DATE + 2, '18:30', 70000),

-- Bandung – hiflix Bandung Indah Plaza (cinema 8)
(259, 4, 8, CURRENT_DATE - 1, '18:30', 65000),
(260, 4, 8, CURRENT_DATE + 3, '20:00', 65000),

-- Semarang – ebv.id Paragon Mall (cinema 10)
(261, 4, 10, CURRENT_DATE - 2, '20:00', 65000),
(262, 4, 10, CURRENT_DATE + 1, '18:30', 65000),

-- Yogyakarta – hiflix Ambarrukmo Plaza (cinema 11)
(263, 4, 11, CURRENT_DATE,     '18:30', 65000),
(264, 4, 11, CURRENT_DATE + 3, '20:00', 65000),

-- Denpasar – CineOne21 Bali Galeria (cinema 12)
(265, 4, 12, CURRENT_DATE - 1, '20:00', 75000),
(266, 4, 12, CURRENT_DATE + 2, '18:30', 75000),

-- Makassar – ebv.id Panakukang Mall (cinema 13)
(267, 4, 13, CURRENT_DATE - 3, '18:30', 70000),
(268, 4, 13, CURRENT_DATE + 1, '20:00', 70000),

-- Palembang – hiflix Palembang Square (cinema 14)
(269, 4, 14, CURRENT_DATE,     '20:00', 65000),
(270, 4, 14, CURRENT_DATE + 2, '18:30', 65000),

-- ═══════════════════════════════════════════════════════════
-- FILM 5: Masters of the Universe  (movie_id = 5)
-- Tambah di: cinema 2,3,5,6,8,9,10,11,12,13,14
-- ═══════════════════════════════════════════════════════════
-- Jakarta – hiflix FX Sudirman (cinema 2)
(271, 5, 2, CURRENT_DATE - 2, '13:30', 85000),
(272, 5, 2, CURRENT_DATE + 1, '08:30', 85000),

-- Jakarta – CineOne21 TIM (cinema 3)
(273, 5, 3, CURRENT_DATE - 1, '16:00', 80000),
(274, 5, 3, CURRENT_DATE + 2, '13:30', 80000),

-- Surabaya – hiflix Galaxy Mall (cinema 5)
(275, 5, 5, CURRENT_DATE - 3, '08:30', 75000),
(276, 5, 5, CURRENT_DATE + 1, '16:00', 75000),

-- Surabaya – CineOne21 Pakuwon Mall (cinema 6)
(277, 5, 6, CURRENT_DATE,     '13:30', 75000),
(278, 5, 6, CURRENT_DATE + 3, '08:30', 75000),

-- Bandung – hiflix Bandung Indah Plaza (cinema 8)
(279, 5, 8, CURRENT_DATE - 2, '16:00', 80000),
(280, 5, 8, CURRENT_DATE + 2, '13:30', 80000),

-- Medan – CineOne21 Sun Plaza (cinema 9)
(281, 5, 9, CURRENT_DATE - 1, '08:30', 80000),
(282, 5, 9, CURRENT_DATE + 1, '16:00', 80000),

-- Semarang – ebv.id Paragon Mall (cinema 10)
(283, 5, 10, CURRENT_DATE,     '16:00', 80000),
(284, 5, 10, CURRENT_DATE + 3, '13:30', 80000),

-- Yogyakarta – hiflix Ambarrukmo Plaza (cinema 11)
(285, 5, 11, CURRENT_DATE - 3, '13:30', 75000),
(286, 5, 11, CURRENT_DATE + 2, '08:30', 75000),

-- Denpasar – CineOne21 Bali Galeria (cinema 12)
(287, 5, 12, CURRENT_DATE - 1, '16:00', 85000),
(288, 5, 12, CURRENT_DATE + 3, '13:30', 85000),

-- Makassar – ebv.id Panakukang Mall (cinema 13)
(289, 5, 13, CURRENT_DATE - 2, '08:30', 80000),
(290, 5, 13, CURRENT_DATE + 1, '16:00', 80000),

-- Palembang – hiflix Palembang Square (cinema 14)
(291, 5, 14, CURRENT_DATE,     '13:30', 75000),
(292, 5, 14, CURRENT_DATE + 2, '08:30', 75000),

-- ═══════════════════════════════════════════════════════════
-- FILM 6: Nobody Loves Kay  (movie_id = 6)
-- Tambah di: cinema 2,3,4,6,7,8,9,10,11,12,13,14
-- ═══════════════════════════════════════════════════════════
-- Jakarta – hiflix FX Sudirman (cinema 2)
(293, 6, 2, CURRENT_DATE - 3, '16:00', 65000),
(294, 6, 2, CURRENT_DATE + 2, '13:30', 65000),

-- Jakarta – CineOne21 TIM (cinema 3)
(295, 6, 3, CURRENT_DATE - 2, '13:30', 60000),
(296, 6, 3, CURRENT_DATE + 1, '16:00', 60000),

-- Surabaya – ebv.id Tunjungan Plaza (cinema 4)
(297, 6, 4, CURRENT_DATE - 1, '16:00', 60000),
(298, 6, 4, CURRENT_DATE + 3, '13:30', 60000),

-- Surabaya – CineOne21 Pakuwon Mall (cinema 6)
(299, 6, 6, CURRENT_DATE,     '16:00', 55000),
(300, 6, 6, CURRENT_DATE + 2, '13:30', 55000),

-- Bandung – ebv.id Paris Van Java (cinema 7)
(301, 6, 7, CURRENT_DATE - 3, '13:30', 60000),
(302, 6, 7, CURRENT_DATE + 1, '16:00', 60000),

-- Bandung – hiflix Bandung Indah Plaza (cinema 8)
(303, 6, 8, CURRENT_DATE - 2, '16:00', 55000),
(304, 6, 8, CURRENT_DATE + 2, '13:30', 55000),

-- Medan – CineOne21 Sun Plaza (cinema 9)
(305, 6, 9, CURRENT_DATE - 1, '13:30', 60000),
(306, 6, 9, CURRENT_DATE + 3, '16:00', 60000),

-- Semarang – ebv.id Paragon Mall (cinema 10)
(307, 6, 10, CURRENT_DATE,     '16:00', 60000),
(308, 6, 10, CURRENT_DATE + 1, '13:30', 60000),

-- Yogyakarta – hiflix Ambarrukmo Plaza (cinema 11)
(309, 6, 11, CURRENT_DATE - 3, '16:00', 55000),
(310, 6, 11, CURRENT_DATE + 2, '13:30', 55000),

-- Denpasar – CineOne21 Bali Galeria (cinema 12)
(311, 6, 12, CURRENT_DATE - 1, '13:30', 65000),
(312, 6, 12, CURRENT_DATE + 3, '16:00', 65000),

-- Makassar – ebv.id Panakukang Mall (cinema 13)
(313, 6, 13, CURRENT_DATE - 2, '16:00', 60000),
(314, 6, 13, CURRENT_DATE + 1, '13:30', 60000),

-- Palembang – hiflix Palembang Square (cinema 14)
(315, 6, 14, CURRENT_DATE,     '13:30', 55000),
(316, 6, 14, CURRENT_DATE + 2, '16:00', 55000),

-- ═══════════════════════════════════════════════════════════
-- FILM 7: Jangan Buang Ibu  (movie_id = 7)
-- Tambah di: cinema 3,4,5,7,8,9,11,12,13,14
-- ═══════════════════════════════════════════════════════════
-- Jakarta – CineOne21 TIM (cinema 3)
(317, 7, 3, CURRENT_DATE - 3, '11:00', 60000),
(318, 7, 3, CURRENT_DATE + 2, '13:30', 60000),

-- Surabaya – ebv.id Tunjungan Plaza (cinema 4)
(319, 7, 4, CURRENT_DATE - 2, '13:30', 60000),
(320, 7, 4, CURRENT_DATE + 1, '11:00', 60000),

-- Surabaya – hiflix Galaxy Mall (cinema 5)
(321, 7, 5, CURRENT_DATE - 1, '11:00', 55000),
(322, 7, 5, CURRENT_DATE + 3, '13:30', 55000),

-- Bandung – ebv.id Paris Van Java (cinema 7)
(323, 7, 7, CURRENT_DATE,     '13:30', 60000),
(324, 7, 7, CURRENT_DATE + 2, '11:00', 60000),

-- Bandung – hiflix Bandung Indah Plaza (cinema 8)
(325, 7, 8, CURRENT_DATE - 3, '11:00', 55000),
(326, 7, 8, CURRENT_DATE + 1, '13:30', 55000),

-- Medan – CineOne21 Sun Plaza (cinema 9)
(327, 7, 9, CURRENT_DATE - 1, '13:30', 60000),
(328, 7, 9, CURRENT_DATE + 2, '11:00', 60000),

-- Yogyakarta – hiflix Ambarrukmo Plaza (cinema 11)
(329, 7, 11, CURRENT_DATE - 2, '11:00', 55000),
(330, 7, 11, CURRENT_DATE + 3, '13:30', 55000),

-- Denpasar – CineOne21 Bali Galeria (cinema 12)
(331, 7, 12, CURRENT_DATE,     '13:30', 65000),
(332, 7, 12, CURRENT_DATE + 1, '11:00', 65000),

-- Makassar – ebv.id Panakukang Mall (cinema 13)
(333, 7, 13, CURRENT_DATE - 3, '11:00', 60000),
(334, 7, 13, CURRENT_DATE + 2, '13:30', 60000),

-- Palembang – hiflix Palembang Square (cinema 14)
(335, 7, 14, CURRENT_DATE - 1, '13:30', 55000),
(336, 7, 14, CURRENT_DATE + 3, '11:00', 55000),

-- ═══════════════════════════════════════════════════════════
-- FILM 8: Garuda di Dadaku  (movie_id = 8)
-- Tambah di: cinema 2,5,6,7,8,9,10,11,13,14
-- ═══════════════════════════════════════════════════════════
-- Jakarta – hiflix FX Sudirman (cinema 2)
(337, 8, 2, CURRENT_DATE - 2, '11:00', 55000),
(338, 8, 2, CURRENT_DATE + 2, '13:30', 55000),

-- Surabaya – hiflix Galaxy Mall (cinema 5)
(339, 8, 5, CURRENT_DATE - 3, '13:30', 50000),
(340, 8, 5, CURRENT_DATE + 1, '11:00', 50000),

-- Surabaya – CineOne21 Pakuwon Mall (cinema 6)
(341, 8, 6, CURRENT_DATE - 1, '11:00', 50000),
(342, 8, 6, CURRENT_DATE + 3, '13:30', 50000),

-- Bandung – ebv.id Paris Van Java (cinema 7)
(343, 8, 7, CURRENT_DATE,     '13:30', 55000),
(344, 8, 7, CURRENT_DATE + 2, '11:00', 55000),

-- Bandung – hiflix Bandung Indah Plaza (cinema 8)
(345, 8, 8, CURRENT_DATE - 2, '11:00', 50000),
(346, 8, 8, CURRENT_DATE + 1, '13:30', 50000),

-- Medan – CineOne21 Sun Plaza (cinema 9)
(347, 8, 9, CURRENT_DATE - 3, '13:30', 55000),
(348, 8, 9, CURRENT_DATE + 2, '11:00', 55000),

-- Semarang – ebv.id Paragon Mall (cinema 10)
(349, 8, 10, CURRENT_DATE - 1, '11:00', 55000),
(350, 8, 10, CURRENT_DATE + 3, '13:30', 55000),

-- Yogyakarta – hiflix Ambarrukmo Plaza (cinema 11)
(351, 8, 11, CURRENT_DATE,     '13:30', 50000),
(352, 8, 11, CURRENT_DATE + 1, '11:00', 50000),

-- Makassar – ebv.id Panakukang Mall (cinema 13)
(353, 8, 13, CURRENT_DATE - 2, '11:00', 55000);

-- Lanjutan film 8 + film 9 & 10 ─────────────────────────────
INSERT INTO showtimes (id, movie_id, cinema_id, date, time, price)
VALUES

    (354, 8, 13, CURRENT_DATE + 2, '13:30', 55000),
    (355, 8, 14, CURRENT_DATE - 1, '13:30', 50000),
    (356, 8, 14, CURRENT_DATE + 3, '11:00', 50000),

-- ═══════════════════════════════════════════════════════════
-- FILM 9: Tanah Runtuh  (movie_id = 9)
-- Tambah di: cinema 3,4,5,6,7,8,10,11,12,14
-- ═══════════════════════════════════════════════════════════
-- Jakarta – CineOne21 TIM (cinema 3)
    (357, 9, 3, CURRENT_DATE - 3, '16:00', 65000),
    (358, 9, 3, CURRENT_DATE + 2, '13:30', 65000),

-- Surabaya – ebv.id Tunjungan Plaza (cinema 4)
    (359, 9, 4, CURRENT_DATE - 2, '13:30', 65000),
    (360, 9, 4, CURRENT_DATE + 1, '16:00', 65000),

-- Surabaya – hiflix Galaxy Mall (cinema 5)
    (361, 9, 5, CURRENT_DATE - 1, '16:00', 60000),
    (362, 9, 5, CURRENT_DATE + 3, '13:30', 60000),

-- Surabaya – CineOne21 Pakuwon Mall (cinema 6)
    (363, 9, 6, CURRENT_DATE,     '13:30', 60000),
    (364, 9, 6, CURRENT_DATE + 2, '16:00', 60000),

-- Bandung – ebv.id Paris Van Java (cinema 7)
    (365, 9, 7, CURRENT_DATE - 3, '16:00', 65000),
    (366, 9, 7, CURRENT_DATE + 1, '13:30', 65000),

-- Bandung – hiflix Bandung Indah Plaza (cinema 8)
    (367, 9, 8, CURRENT_DATE - 2, '13:30', 60000),
    (368, 9, 8, CURRENT_DATE + 2, '16:00', 60000),

-- Semarang – ebv.id Paragon Mall (cinema 10)
    (369, 9, 10, CURRENT_DATE - 1, '16:00', 65000),
    (370, 9, 10, CURRENT_DATE + 3, '13:30', 65000),

-- Yogyakarta – hiflix Ambarrukmo Plaza (cinema 11)
    (371, 9, 11, CURRENT_DATE,     '13:30', 60000),
    (372, 9, 11, CURRENT_DATE + 1, '16:00', 60000),

-- Denpasar – CineOne21 Bali Galeria (cinema 12)
    (373, 9, 12, CURRENT_DATE - 3, '16:00', 70000),
    (374, 9, 12, CURRENT_DATE + 2, '13:30', 70000),

-- Palembang – hiflix Palembang Square (cinema 14)
    (375, 9, 14, CURRENT_DATE - 1, '13:30', 60000),
    (376, 9, 14, CURRENT_DATE + 3, '16:00', 60000),

-- ═══════════════════════════════════════════════════════════
-- FILM 10: The Furious  (movie_id = 10)
-- Tambah di: cinema 3,6,7,8,9,10,11,12,13
-- ═══════════════════════════════════════════════════════════
-- Jakarta – CineOne21 TIM (cinema 3)
    (377, 10, 3, CURRENT_DATE - 2, '20:00', 75000),
    (378, 10, 3, CURRENT_DATE + 2, '18:30', 75000),

-- Surabaya – CineOne21 Pakuwon Mall (cinema 6)
    (379, 10, 6, CURRENT_DATE - 3, '18:30', 70000),
    (380, 10, 6, CURRENT_DATE + 1, '20:00', 70000),

-- Bandung – ebv.id Paris Van Java (cinema 7)
    (381, 10, 7, CURRENT_DATE - 1, '20:00', 75000),
    (382, 10, 7, CURRENT_DATE + 3, '18:30', 75000),

-- Bandung – hiflix Bandung Indah Plaza (cinema 8)
    (383, 10, 8, CURRENT_DATE,     '18:30', 70000),
    (384, 10, 8, CURRENT_DATE + 2, '20:00', 70000),

-- Medan – CineOne21 Sun Plaza (cinema 9)
    (385, 10, 9, CURRENT_DATE - 2, '20:00', 75000),
    (386, 10, 9, CURRENT_DATE + 1, '18:30', 75000),

-- Semarang – ebv.id Paragon Mall (cinema 10)
    (387, 10, 10, CURRENT_DATE - 3, '18:30', 75000),
    (388, 10, 10, CURRENT_DATE + 3, '20:00', 75000),

-- Yogyakarta – hiflix Ambarrukmo Plaza (cinema 11)
    (389, 10, 11, CURRENT_DATE - 1, '20:00', 70000),
    (390, 10, 11, CURRENT_DATE + 2, '18:30', 70000),

-- Denpasar – CineOne21 Bali Galeria (cinema 12)
    (391, 10, 12, CURRENT_DATE,     '18:30', 80000),
    (392, 10, 12, CURRENT_DATE + 3, '20:00', 80000),

-- Makassar – ebv.id Panakukang Mall (cinema 13)
    (393, 10, 13, CURRENT_DATE - 2, '20:00', 75000),
    (394, 10, 13, CURRENT_DATE + 1, '18:30', 75000);

-- ============================================================
-- RESET SEQUENCE
-- ============================================================
SELECT setval('showtimes_id_seq', (SELECT MAX(id) FROM showtimes));

-- ================================================================
-- SUMMARY SHOWTIMES TAMBAHAN
-- ================================================================
-- Showtimes baru  : id 174–394  (221 jadwal)
-- Film            : movie_id 1–10
-- Cinema coverage :
--   Jakarta   → cinema 1, 2, 3   (semua tercover)
--   Surabaya  → cinema 4, 5, 6   (semua tercover)
--   Bandung   → cinema 7, 8      (semua tercover)
--   Medan     → cinema 9         (tercover)
--   Semarang  → cinema 10        (tercover)
--   Yogyakarta→ cinema 11        (tercover)
--   Denpasar  → cinema 12        (tercover)
--   Makassar  → cinema 13        (tercover)
--   Palembang → cinema 14        (tercover)
--   Purwokerto→ cinema 15        (SKIP – isAvailable = false)
-- Rentang tanggal : CURRENT_DATE - 3  s/d  CURRENT_DATE + 4
-- Jam tayang      : 08:30, 11:00, 13:30, 16:00, 18:30, 20:00, 21:30
-- Harga range     : 50.000 – 85.000
-- Total showtimes setelah ini: 173 (existing) + 221 (baru) = 394
-- ================================================================

-- ============================================================
-- SEQUENCE RESET
-- ============================================================
SELECT setval('locations_id_seq', (SELECT MAX(id) FROM locations));
SELECT setval('payment_methods_id_seq', (SELECT MAX(id) FROM payment_methods));
SELECT setval('genres_id_seq', (SELECT MAX(id) FROM genres));
SELECT setval('directors_id_seq', (SELECT MAX(id) FROM directors));
SELECT setval('casts_id_seq', (SELECT MAX(id) FROM casts));
SELECT setval('movies_id_seq', (SELECT MAX(id) FROM movies));
SELECT setval('cinemas_id_seq', (SELECT MAX(id) FROM cinemas));
SELECT setval('users_id_seq', (SELECT MAX(id) FROM users));
SELECT setval('showtimes_id_seq', (SELECT MAX(id) FROM showtimes));
SELECT setval('bookings_id_seq', (SELECT MAX(id) FROM bookings));
SELECT setval('transactions_id_seq', (SELECT MAX(id) FROM transactions));
SELECT setval('booking_seats_id_seq', (SELECT MAX(id) FROM booking_seats));


-- ================================================================
-- SUMMARY v4.0
-- ================================================================
-- locations       : 12 kota Indonesia
-- payment_methods : 8 (GoPay, OVO, DANA, BCA, Mandiri, BNI, CC, Alfamart)
-- genres          : 20 (dari TMDB)
-- directors       : 201 (dari TMDB)
-- casts           : 923 (dari TMDB)
-- movies          : 198 film (2025 – Juni 2026)
--                   ✓ Poster = URL TMDB penuh (https://image.tmdb.org/t/p/w500/...)
--                   ✓ Diurutkan berdasarkan popularitas TMDB
--                   ✓ Semua 198 = kategori Now Showing
-- cinemas         : 15 bioskop (ebv.id / hiflix / CineOne21)
-- seats           : 1.470 kursi (15 × 98; rows A–F regular, G love_nest)
-- users           : 25 (3 admin + 22 user; 3 belum verifikasi email)
-- showtimes       : 56 jadwal (movie_id 1–10, CURRENT_DATE ± offset)
-- bookings        : 37
-- transactions    : 37
-- booking_seats   : ~75 kursi
--
-- CATATAN:
-- • Showtimes hanya untuk movie_id 1–10 (10 film terpopuler dari TMDB)
-- • Poster semua film sudah berupa URL lengkap TMDB, siap pakai
-- • quantity di bookings dihapus karena tidak ada di table.sql
-- ================================================================